timestamp,open,high,low,close,volume
2025-08-19T18:55:00,179.12,179.29,179.12,179.29,12382.97
2025-08-19T18:56:00,179.29,179.38,179.27,179.38,13852.14
2025-08-19T18:57:00,179.38,179.44,179.08,179.11,13038.24
2025-08-19T18:58:00,179.1,179.13,179.01,179.02,6605.89
2025-08-19T18:59:00,179.02,179.02,178.9,179.0,3848.48
2025-08-19T19:00:00,179.0,179.23,178.97,179.19,7027.07
2025-08-19T19:01:00,179.19,179.19,178.88,178.88,8036.75
2025-08-19T19:02:00,178.88,179.07,178.75,179.02,12961.04
2025-08-19T19:03:00,179.03,179.03,178.7,178.71,7847.52
2025-08-19T19:04:00,178.72,178.79,178.66,178.69,8822.77
2025-08-19T19:05:00,178.7,178.78,178.57,178.57,7381.18
2025-08-19T19:06:00,178.57,178.75,178.53,178.71,6538.45
2025-08-19T19:07:00,178.71,178.71,178.43,178.61,9450.31
2025-08-19T19:08:00,178.6,178.84,178.6,178.63,7950.99
2025-08-19T19:09:00,178.64,178.7,178.58,178.61,9550.48
2025-08-19T19:10:00,178.62,178.74,178.57,178.61,11218.02
2025-08-19T19:11:00,178.61,178.61,178.41,178.45,8083.44
2025-08-19T19:12:00,178.45,178.59,178.45,178.57,4562.8
2025-08-19T19:13:00,178.58,178.65,178.54,178.62,5810.28
2025-08-19T19:14:00,178.61,178.68,178.45,178.65,6393.63
2025-08-19T19:15:00,178.65,178.69,178.3,178.33,10392.41
2025-08-19T19:16:00,178.33,178.66,178.33,178.37,11522.74
2025-08-19T19:17:00,178.38,178.59,178.12,178.55,21721.54
2025-08-19T19:18:00,178.55,178.6,178.14,178.2,8478.76
2025-08-19T19:19:00,178.21,178.27,178.0,178.0,17885.02
2025-08-19T19:20:00,178.0,178.07,177.89,178.01,14716.12
2025-08-19T19:21:00,178.0,178.4,177.95,178.28,10140.43
2025-08-19T19:22:00,178.28,178.5,178.28,178.42,9714.52
2025-08-19T19:23:00,178.41,178.5,178.21,178.22,8615.68
2025-08-19T19:24:00,178.23,178.29,177.39,177.61,56911.77
2025-08-19T19:25:00,177.62,177.98,177.58,177.85,15460.19
2025-08-19T19:26:00,177.84,177.84,177.55,177.58,12689.51
2025-08-19T19:27:00,177.59,177.73,177.48,177.52,12156.31
2025-08-19T19:28:00,177.53,177.67,177.53,177.62,9472.28
2025-08-19T19:29:00,177.63,177.7,177.4,177.58,16919.14
2025-08-19T19:30:00,177.57,177.79,177.56,177.66,9271.1
2025-08-19T19:31:00,177.66,177.66,177.28,177.29,19318.11
2025-08-19T19:32:00,177.28,177.42,177.26,177.26,23997.01
2025-08-19T19:33:00,177.26,177.67,177.25,177.6,19537.4
2025-08-19T19:34:00,177.59,177.81,177.45,177.77,14788.77
2025-08-19T19:35:00,177.76,178.05,177.71,177.95,22643.52
2025-08-19T19:36:00,177.94,178.05,177.65,177.68,11712.64
2025-08-19T19:37:00,177.68,177.73,177.5,177.57,10369.25
2025-08-19T19:38:00,177.57,177.68,176.88,177.0,37315.31
2025-08-19T19:39:00,177.0,177.22,176.8,176.87,35251.29
2025-08-19T19:40:00,176.86,176.93,176.63,176.74,29613.7
2025-08-19T19:41:00,176.74,177.05,176.63,176.67,27446.85
2025-08-19T19:42:00,176.66,176.91,176.64,176.84,23724.64
2025-08-19T19:43:00,176.84,177.05,176.8,176.99,14918.72
2025-08-19T19:44:00,176.99,177.32,176.91,177.3,16000.38
2025-08-19T19:45:00,177.29,177.37,177.01,177.03,17473.33
2025-08-19T19:46:00,177.04,177.2,176.89,176.93,14753.93
2025-08-19T19:47:00,176.93,177.0,176.53,176.56,80843.16
2025-08-19T19:48:00,176.57,176.75,176.39,176.67,49511.19
2025-08-19T19:49:00,176.68,176.82,176.58,176.6,15773.76
2025-08-19T19:50:00,176.6,176.63,176.34,176.38,27061.98
2025-08-19T19:51:00,176.38,176.48,176.34,176.35,12067.02
2025-08-19T19:52:00,176.36,176.47,176.21,176.21,16480.62
2025-08-19T19:53:00,176.21,176.27,176.01,176.13,51686.79
2025-08-19T19:54:00,176.13,176.39,175.9,176.21,37547.57
2025-08-19T19:55:00,176.21,176.24,176.06,176.13,19168.47
2025-08-19T19:56:00,176.12,176.19,175.76,175.8,26715.59
2025-08-19T19:57:00,175.8,176.35,175.8,176.32,25420.46
2025-08-19T19:58:00,176.32,176.37,175.88,175.93,31673.01
2025-08-19T19:59:00,175.94,176.2,175.94,176.13,10971.87
2025-08-19T20:00:00,176.12,176.63,176.11,176.56,52166.4
2025-08-19T20:01:00,176.56,176.93,176.55,176.83,65150.29
2025-08-19T20:02:00,176.82,176.85,176.66,176.71,19575.15
2025-08-19T20:03:00,176.71,176.92,176.61,176.92,18391.77
2025-08-19T20:04:00,176.91,177.17,176.87,177.13,22395.05
2025-08-19T20:05:00,177.14,177.29,176.99,177.26,41117.9
2025-08-19T20:06:00,177.26,177.43,177.21,177.43,10167.91
2025-08-19T20:07:00,177.42,177.44,177.32,177.38,18534.48
2025-08-19T20:08:00,177.37,177.45,177.28,177.29,11577.26
2025-08-19T20:09:00,177.28,177.34,177.15,177.19,14415.61
2025-08-19T20:10:00,177.18,177.19,176.88,177.0,19827.52
2025-08-19T20:11:00,176.99,177.13,176.9,177.13,28999.8
2025-08-19T20:12:00,177.12,177.22,177.06,177.11,16598.95
2025-08-19T20:13:00,177.1,177.19,176.84,176.96,13250.57
2025-08-19T20:14:00,176.95,176.96,176.66,176.73,8982.66
2025-08-19T20:15:00,176.73,176.95,176.68,176.92,13788.06
2025-08-19T20:16:00,176.92,177.0,176.89,176.96,16399.82
2025-08-19T20:17:00,176.97,177.19,176.95,177.1,10451.16
2025-08-19T20:18:00,177.09,177.29,177.04,177.09,13244.33
2025-08-19T20:19:00,177.08,177.12,176.76,176.95,27761.06
2025-08-19T20:20:00,176.95,177.19,176.95,177.16,11491.49
2025-08-19T20:21:00,177.16,177.3,176.93,176.94,17567.72
2025-08-19T20:22:00,176.94,177.17,176.93,176.93,20511.92
2025-08-19T20:23:00,176.92,176.93,176.45,176.45,15863.51
2025-08-19T20:24:00,176.45,176.67,176.41,176.51,16455.49
2025-08-19T20:25:00,176.51,176.57,175.97,176.05,26667.69
2025-08-19T20:26:00,176.05,176.25,176.03,176.05,21825.92
2025-08-19T20:27:00,176.05,176.17,175.92,176.01,31206.24
2025-08-19T20:28:00,176.02,176.24,176.02,176.14,11609.9
2025-08-19T20:29:00,176.13,176.45,176.08,176.41,16273.51
2025-08-19T20:30:00,176.42,176.75,176.41,176.74,13714.01
2025-08-19T20:31:00,176.73,176.89,176.52,176.55,12731.1
2025-08-19T20:32:00,176.54,176.6,176.33,176.45,10803.12
2025-08-19T20:33:00,176.45,176.66,176.45,176.62,8917.8
2025-08-19T20:34:00,176.62,176.91,176.53,176.89,10833.54
2025-08-19T20:35:00,176.88,177.41,176.83,177.36,35330.52
2025-08-19T20:36:00,177.36,177.53,177.26,177.51,26027.7
2025-08-19T20:37:00,177.5,177.78,177.43,177.7,39774.23
2025-08-19T20:38:00,177.7,177.9,177.68,177.81,22404.54
2025-08-19T20:39:00,177.81,178.08,177.76,177.99,21042.97
2025-08-19T20:40:00,177.99,178.19,177.92,178.12,24536.85
2025-08-19T20:41:00,178.13,178.16,177.71,177.8,28977.8
2025-08-19T20:42:00,177.81,178.17,177.79,178.16,20499.66
2025-08-19T20:43:00,178.17,178.24,178.05,178.15,18819.46
2025-08-19T20:44:00,178.16,178.26,178.02,178.05,8328.49
2025-08-19T20:45:00,178.06,178.18,177.91,178.14,14575.94
2025-08-19T20:46:00,178.14,178.15,177.98,178.13,8663.46
2025-08-19T20:47:00,178.12,178.26,178.08,178.14,9581.79
2025-08-19T20:48:00,178.13,178.15,177.73,177.75,13624.32
2025-08-19T20:49:00,177.76,177.92,177.75,177.89,9241.36
2025-08-19T20:50:00,177.89,177.99,177.79,177.8,9729.31
2025-08-19T20:51:00,177.8,178.05,177.73,178.05,8804.57
2025-08-19T20:52:00,178.05,178.35,178.05,178.34,11696.44
2025-08-19T20:53:00,178.34,178.52,178.25,178.26,55424.56
2025-08-19T20:54:00,178.25,178.25,178.02,178.07,6359.74
2025-08-19T20:55:00,178.08,178.37,178.08,178.3,6994.22
2025-08-19T20:56:00,178.3,178.34,178.16,178.24,6510.12
2025-08-19T20:57:00,178.24,178.39,178.16,178.35,12307.96
2025-08-19T20:58:00,178.35,178.42,178.05,178.05,13986.7
2025-08-19T20:59:00,178.04,178.1,177.92,178.06,13407.74
2025-08-19T21:00:00,178.06,178.45,178.06,178.37,13778.96
2025-08-19T21:01:00,178.37,178.64,178.33,178.61,22503.58
2025-08-19T21:02:00,178.61,178.62,178.47,178.53,14949.7
2025-08-19T21:03:00,178.54,178.62,178.46,178.52,13054.94
2025-08-19T21:04:00,178.51,178.55,178.44,178.55,9518.27
2025-08-19T21:05:00,178.55,178.67,178.42,178.66,13051.94
2025-08-19T21:06:00,178.67,178.73,178.63,178.68,14005.87
2025-08-19T21:07:00,178.68,178.68,178.29,178.29,15233.72
2025-08-19T21:08:00,178.29,178.29,178.16,178.26,15806.54
2025-08-19T21:09:00,178.26,178.29,177.86,177.94,26948.15
2025-08-19T21:10:00,177.94,177.96,177.62,177.66,24597.7
2025-08-19T21:11:00,177.66,177.74,177.57,177.69,25053.97
2025-08-19T21:12:00,177.69,177.9,177.69,177.88,16425.28
2025-08-19T21:13:00,177.88,177.89,177.64,177.65,11548.82
2025-08-19T21:14:00,177.65,177.78,177.62,177.76,9561.63
2025-08-19T21:15:00,177.76,177.8,177.62,177.7,8460.15
2025-08-19T21:16:00,177.7,177.7,177.56,177.63,13497.57
2025-08-19T21:17:00,177.62,177.67,177.45,177.48,21221.42
2025-08-19T21:18:00,177.49,177.67,177.45,177.62,16932.79
2025-08-19T21:19:00,177.62,178.06,177.59,178.02,14016.92
2025-08-19T21:20:00,178.02,178.13,177.91,178.13,12191.09
2025-08-19T21:21:00,178.13,178.92,178.11,178.88,27187.43
2025-08-19T21:22:00,178.87,179.07,178.73,178.76,43388.77
2025-08-19T21:23:00,178.75,178.75,178.43,178.49,21215.97
2025-08-19T21:24:00,178.49,178.56,178.24,178.27,20864.23
2025-08-19T21:25:00,178.27,178.5,178.08,178.41,15570.71
2025-08-19T21:26:00,178.4,178.4,178.04,178.08,11216.09
2025-08-19T21:27:00,178.08,178.15,177.85,177.9,22319.98
2025-08-19T21:28:00,177.91,178.02,177.8,177.97,15181.71
2025-08-19T21:29:00,177.96,177.99,177.73,177.86,9090.11
2025-08-19T21:30:00,177.87,178.1,177.79,177.94,24641.62
2025-08-19T21:31:00,177.94,178.0,177.54,177.65,13487.67
2025-08-19T21:32:00,177.66,177.75,177.48,177.73,19101.83
2025-08-19T21:33:00,177.72,177.99,177.7,177.8,22139.56
2025-08-19T21:34:00,177.81,178.04,177.81,178.02,20030.75
2025-08-19T21:35:00,178.03,178.23,177.78,177.84,8892.85
2025-08-19T21:36:00,177.83,178.03,177.78,177.85,17346.3
2025-08-19T21:37:00,177.85,177.85,177.63,177.64,12496.14
2025-08-19T21:38:00,177.63,177.65,176.89,176.99,74442.1
2025-08-19T21:39:00,177.0,177.35,176.91,177.17,37236.35
2025-08-19T21:40:00,177.17,177.61,177.12,177.51,25791.57
2025-08-19T21:41:00,177.52,177.56,177.18,177.23,14842.03
2025-08-19T21:42:00,177.23,177.47,177.18,177.37,25303.23
2025-08-19T21:43:00,177.36,177.51,177.26,177.33,9500.37
2025-08-19T21:44:00,177.34,177.42,177.22,177.33,10208.66
2025-08-19T21:45:00,177.33,177.62,177.33,177.41,17325.7
2025-08-19T21:46:00,177.41,177.81,177.36,177.62,13334.36
2025-08-19T21:47:00,177.63,178.16,177.63,178.05,43230.02
2025-08-19T21:48:00,178.06,178.45,177.84,178.45,32373.05
2025-08-19T21:49:00,178.46,179.0,178.36,178.93,46339.71
2025-08-19T21:50:00,178.92,179.58,178.87,179.2,95701.58
2025-08-19T21:51:00,179.2,179.2,178.93,179.17,34333.26
2025-08-19T21:52:00,179.18,179.4,179.06,179.37,35847.57
2025-08-19T21:53:00,179.38,179.47,179.07,179.08,18244.62
2025-08-19T21:54:00,179.08,179.4,178.98,179.3,26873.11
2025-08-19T21:55:00,179.3,179.66,179.19,179.52,23936.22
2025-08-19T21:56:00,179.52,179.72,179.33,179.58,49006.01
2025-08-19T21:57:00,179.58,179.69,179.34,179.36,20118.27
2025-08-19T21:58:00,179.37,179.4,179.13,179.32,19409.88
2025-08-19T21:59:00,179.33,179.47,179.23,179.46,12355.74
2025-08-19T22:00:00,179.46,179.64,179.45,179.5,18852.98
2025-08-19T22:01:00,179.51,179.51,179.42,179.49,16205.98
2025-08-19T22:02:00,179.5,179.57,179.24,179.43,27153.12
2025-08-19T22:03:00,179.43,179.53,179.27,179.28,13164.02
2025-08-19T22:04:00,179.28,179.41,179.1,179.13,21810.56
2025-08-19T22:05:00,179.14,179.52,179.14,179.46,9602.16
2025-08-19T22:06:00,179.46,179.8,179.4,179.79,21885.6
2025-08-19T22:07:00,179.79,180.07,179.67,179.85,57997.44
2025-08-19T22:08:00,179.85,179.97,179.66,179.93,14833.58
2025-08-19T22:09:00,179.92,179.92,179.51,179.66,17760.82
2025-08-19T22:10:00,179.66,179.95,179.62,179.94,21212.42
2025-08-19T22:11:00,179.93,180.07,179.92,179.97,18489.9
2025-08-19T22:12:00,179.98,180.32,179.97,180.3,27292.02
2025-08-19T22:13:00,180.31,180.6,180.3,180.54,73045.63
2025-08-19T22:14:00,180.55,180.67,180.46,180.56,40838.3
2025-08-19T22:15:00,180.55,180.61,180.38,180.42,25622.09
2025-08-19T22:16:00,180.42,180.43,180.3,180.42,22098.28
2025-08-19T22:17:00,180.42,180.47,180.17,180.46,54951.04
2025-08-19T22:18:00,180.47,180.64,180.39,180.52,17110.26
2025-08-19T22:19:00,180.52,180.53,180.39,180.52,13238.67
2025-08-19T22:20:00,180.51,180.72,180.47,180.56,17322.24
2025-08-19T22:21:00,180.55,180.62,180.34,180.35,15305.19
2025-08-19T22:22:00,180.35,180.6,180.3,180.41,15352.38
2025-08-19T22:23:00,180.41,180.58,180.36,180.53,8713.25
2025-08-19T22:24:00,180.53,180.68,180.51,180.63,14750.6
2025-08-19T22:25:00,180.63,180.74,180.62,180.74,9094.66
2025-08-19T22:26:00,180.73,180.89,180.69,180.73,11456.87
2025-08-19T22:27:00,180.74,180.74,180.53,180.53,12704.38
2025-08-19T22:28:00,180.53,180.76,180.5,180.73,22129.46
2025-08-19T22:29:00,180.72,180.87,180.69,180.86,15190.92
2025-08-19T22:30:00,180.86,180.87,180.73,180.85,12469.02
2025-08-19T22:31:00,180.85,180.87,180.55,180.71,13874.99
2025-08-19T22:32:00,180.72,180.88,180.71,180.87,9244.58
2025-08-19T22:33:00,180.88,180.98,180.65,180.65,13678.56
2025-08-19T22:34:00,180.65,180.66,180.43,180.45,16108.23
2025-08-19T22:35:00,180.46,180.76,180.45,180.73,12608.65
2025-08-19T22:36:00,180.73,181.03,180.62,180.73,34567.13
2025-08-19T22:37:00,180.72,180.9,180.7,180.77,17878.88
2025-08-19T22:38:00,180.77,180.94,180.67,180.74,14371.94
2025-08-19T22:39:00,180.74,180.97,180.74,180.84,17242.72
2025-08-19T22:40:00,180.83,180.83,180.53,180.57,8268.22
2025-08-19T22:41:00,180.58,180.95,180.58,180.82,10216.53
2025-08-19T22:42:00,180.82,181.09,180.81,181.07,9717.32
2025-08-19T22:43:00,181.06,181.23,180.99,181.22,26471.83
2025-08-19T22:44:00,181.23,181.26,181.08,181.18,13592.93
2025-08-19T22:45:00,181.17,181.18,180.96,181.02,14376.41
2025-08-19T22:46:00,181.01,181.25,180.89,181.14,13335.51
2025-08-19T22:47:00,181.13,181.29,180.82,181.06,28388.85
2025-08-19T22:48:00,181.06,181.17,180.95,181.12,23260.46
2025-08-19T22:49:00,181.12,181.26,181.08,181.12,19922.49
2025-08-19T22:50:00,181.12,181.13,180.9,180.93,10711.29
2025-08-19T22:51:00,180.93,181.1,180.87,181.09,12410.64
2025-08-19T22:52:00,181.1,181.18,181.01,181.1,14813.61
2025-08-19T22:53:00,181.09,181.18,180.99,181.06,10994.47
2025-08-19T22:54:00,181.06,181.12,180.95,181.04,12162.57
2025-08-19T22:55:00,181.05,181.07,180.71,180.8,17094.76
2025-08-19T22:56:00,180.79,180.87,180.7,180.81,11941.81
2025-08-19T22:57:00,180.81,180.89,180.7,180.84,19663.5
2025-08-19T22:58:00,180.84,180.92,180.79,180.9,8746.51
2025-08-19T22:59:00,180.9,180.9,180.6,180.71,22187.22
2025-08-19T23:00:00,180.71,180.94,180.65,180.71,16141.97
2025-08-19T23:01:00,180.71,180.89,180.65,180.81,11265.83
2025-08-19T23:02:00,180.81,180.95,180.79,180.94,7695.71
2025-08-19T23:03:00,180.95,180.99,180.62,180.62,13583.81
2025-08-19T23:04:00,180.63,180.73,180.58,180.68,8997.69
2025-08-19T23:05:00,180.67,180.68,180.41,180.41,15387.22
2025-08-19T23:06:00,180.41,180.46,180.31,180.31,24063.04
2025-08-19T23:07:00,180.31,180.59,180.28,180.48,11765.98
2025-08-19T23:08:00,180.48,180.6,180.47,180.56,14163.21
2025-08-19T23:09:00,180.56,180.56,180.35,180.35,8789.16
2025-08-19T23:10:00,180.36,180.37,180.04,180.07,24127.4
2025-08-19T23:11:00,180.06,180.28,180.0,180.09,24662.52
2025-08-19T23:12:00,180.1,180.35,180.1,180.26,10977.97
2025-08-19T23:13:00,180.25,180.35,180.24,180.29,4962.58
2025-08-19T23:14:00,180.3,180.31,180.1,180.12,4902.41
2025-08-19T23:15:00,180.13,180.25,180.05,180.06,8735.46
2025-08-19T23:16:00,180.06,180.36,180.0,180.31,16595.05
2025-08-19T23:17:00,180.32,180.45,180.19,180.28,11669.13
2025-08-19T23:18:00,180.29,180.52,180.24,180.52,6790.16
2025-08-19T23:19:00,180.51,180.73,180.51,180.72,9186.96
2025-08-19T23:20:00,180.73,180.91,180.7,180.83,17219.98
2025-08-19T23:21:00,180.82,180.85,180.63,180.67,9234.39
2025-08-19T23:22:00,180.68,180.72,180.53,180.55,8244.12
2025-08-19T23:23:00,180.56,180.72,180.5,180.71,6255.56
2025-08-19T23:24:00,180.71,180.87,180.7,180.84,8398.62
2025-08-19T23:25:00,180.85,180.89,180.72,180.72,5072.97
2025-08-19T23:26:00,180.73,181.0,180.73,181.0,9450.82
2025-08-19T23:27:00,180.99,181.08,180.91,181.06,14894.03
2025-08-19T23:28:00,181.07,181.21,181.07,181.17,15510.71
2025-08-19T23:29:00,181.17,181.17,180.98,181.08,8826.09
2025-08-19T23:30:00,181.09,181.21,181.01,181.14,15250.43
2025-08-19T23:31:00,181.13,181.19,181.04,181.1,9074.14
2025-08-19T23:32:00,181.09,181.31,181.09,181.28,14706.92
2025-08-19T23:33:00,181.29,181.33,181.17,181.23,12363.12
2025-08-19T23:34:00,181.22,181.4,181.11,181.37,13813.16
2025-08-19T23:35:00,181.37,181.4,181.14,181.18,10407.14
2025-08-19T23:36:00,181.18,181.22,180.94,180.96,12253.98
2025-08-19T23:37:00,180.97,181.05,180.89,180.95,14787.31
2025-08-19T23:38:00,180.95,181.01,180.75,180.78,13880.62
2025-08-19T23:39:00,180.78,180.85,180.61,180.83,16760.81
2025-08-19T23:40:00,180.83,180.86,180.73,180.81,6771.21
2025-08-19T23:41:00,180.81,180.82,180.49,180.56,6382.97
2025-08-19T23:42:00,180.56,180.58,180.39,180.45,20506.43
2025-08-19T23:43:00,180.44,180.58,180.38,180.41,26840.62
2025-08-19T23:44:00,180.42,180.59,180.42,180.59,7125.72
2025-08-19T23:45:00,180.59,180.59,180.34,180.5,5428.35
2025-08-19T23:46:00,180.49,180.5,180.26,180.4,9528.01
2025-08-19T23:47:00,180.4,180.5,180.35,180.39,11358.54
2025-08-19T23:48:00,180.39,180.49,180.34,180.41,7755.23
2025-08-19T23:49:00,180.42,180.42,180.22,180.39,6305.88
2025-08-19T23:50:00,180.4,180.47,180.32,180.32,3961.71
2025-08-19T23:51:00,180.32,180.45,180.22,180.41,8259.65
2025-08-19T23:52:00,180.4,180.46,180.35,180.41,4255.02
2025-08-19T23:53:00,180.4,180.45,180.24,180.37,11567.32
2025-08-19T23:54:00,180.37,180.5,180.37,180.49,9400.79
2025-08-19T23:55:00,180.48,180.56,180.36,180.37,8933.34
2025-08-19T23:56:00,180.36,180.51,180.33,180.47,4014.2
2025-08-19T23:57:00,180.47,180.56,180.47,180.54,5178.02
2025-08-19T23:58:00,180.54,180.6,180.43,180.47,6519.51
2025-08-19T23:59:00,180.48,180.48,180.38,180.42,2053.83
2025-08-20T00:00:00,180.42,180.5,180.33,180.45,8525.47
2025-08-20T00:01:00,180.44,180.66,180.44,180.65,4889.87
2025-08-20T00:02:00,180.64,180.86,180.63,180.83,8107.39
2025-08-20T00:03:00,180.82,180.91,180.72,180.86,7938.13
2025-08-20T00:04:00,180.85,180.85,180.64,180.66,8268.45
2025-08-20T00:05:00,180.66,180.75,180.63,180.73,8309.16
2025-08-20T00:06:00,180.74,180.88,180.73,180.87,10848.54
2025-08-20T00:07:00,180.87,180.93,180.85,180.87,7026.7
2025-08-20T00:08:00,180.87,181.07,180.78,181.03,47507.98
2025-08-20T00:09:00,181.03,181.3,181.0,181.17,25437.66
2025-08-20T00:10:00,181.17,181.17,180.91,181.01,27794.24
2025-08-20T00:11:00,181.01,181.04,180.92,180.93,5548.73
2025-08-20T00:12:00,180.93,180.98,180.9,180.91,4932.11
2025-08-20T00:13:00,180.91,180.91,180.8,180.85,4570.94
2025-08-20T00:14:00,180.85,180.88,180.75,180.84,7139.88
2025-08-20T00:15:00,180.84,180.87,180.73,180.84,5237.71
2025-08-20T00:16:00,180.83,180.93,180.83,180.92,4765.91
2025-08-20T00:17:00,180.92,181.02,180.92,181.01,16053.42
2025-08-20T00:18:00,181.01,181.04,180.9,181.03,3950.31
2025-08-20T00:19:00,181.03,181.05,180.89,181.01,3568.13
2025-08-20T00:20:00,181.01,181.01,180.88,180.92,2988.0
2025-08-20T00:21:00,180.93,180.96,180.81,180.89,3657.98
2025-08-20T00:22:00,180.89,180.93,180.85,180.9,4854.3
2025-08-20T00:23:00,180.91,181.04,180.86,181.01,7555.93
2025-08-20T00:24:00,181.02,181.05,181.0,181.03,3692.52
2025-08-20T00:25:00,181.03,181.07,181.0,181.04,6336.75
2025-08-20T00:26:00,181.04,181.25,181.02,181.19,14619.12
2025-08-20T00:27:00,181.19,181.33,181.19,181.32,8300.05
2025-08-20T00:28:00,181.33,181.34,181.25,181.27,10501.09
2025-08-20T00:29:00,181.26,181.33,181.23,181.3,9551.53
2025-08-20T00:30:00,181.3,181.37,181.28,181.3,7232.45
2025-08-20T00:31:00,181.3,181.47,181.27,181.47,14447.57
2025-08-20T00:32:00,181.47,181.47,181.25,181.31,9114.04
2025-08-20T00:33:00,181.31,181.72,181.3,181.63,53820.94
2025-08-20T00:34:00,181.62,181.63,181.45,181.45,25803.75
2025-08-20T00:35:00,181.45,181.46,181.2,181.2,19302.78
2025-08-20T00:36:00,181.21,181.21,180.73,181.08,37950.45
2025-08-20T00:37:00,181.08,181.15,180.77,180.78,31709.34
2025-08-20T00:38:00,180.77,180.81,180.57,180.57,13624.97
2025-08-20T00:39:00,180.57,180.67,180.54,180.65,6899.47
2025-08-20T00:40:00,180.64,180.71,180.33,180.36,24434.55
2025-08-20T00:41:00,180.36,180.5,180.36,180.43,16029.76
2025-08-20T00:42:00,180.42,180.7,180.4,180.57,15777.26
2025-08-20T00:43:00,180.56,180.73,180.56,180.62,7767.23
2025-08-20T00:44:00,180.63,180.63,180.54,180.58,7266.39
2025-08-20T00:45:00,180.58,180.6,180.44,180.44,6451.98
2025-08-20T00:46:00,180.44,180.5,180.42,180.43,9307.76
2025-08-20T00:47:00,180.43,180.48,180.34,180.37,7744.89
2025-08-20T00:48:00,180.37,180.4,180.33,180.37,6727.89
2025-08-20T00:49:00,180.36,180.48,180.27,180.42,9682.4
2025-08-20T00:50:00,180.42,180.66,180.41,180.59,5709.31
2025-08-20T00:51:00,180.59,180.62,180.55,180.59,8626.98
2025-08-20T00:52:00,180.6,180.87,180.58,180.82,8743.81
2025-08-20T00:53:00,180.81,180.85,180.73,180.76,8178.5
2025-08-20T00:54:00,180.77,180.81,180.64,180.68,4267.19
2025-08-20T00:55:00,180.67,180.69,180.61,180.63,5155.22
2025-08-20T00:56:00,180.63,180.71,180.61,180.69,4026.53
2025-08-20T00:57:00,180.69,180.69,180.59,180.6,4263.23
2025-08-20T00:58:00,180.59,180.6,180.5,180.5,3848.87
2025-08-20T00:59:00,180.51,180.59,180.48,180.53,11560.08
2025-08-20T01:00:00,180.54,180.6,180.45,180.48,8711.01
2025-08-20T01:01:00,180.47,180.47,180.33,180.36,16868.32
2025-08-20T01:02:00,180.36,180.6,180.34,180.49,10392.72
2025-08-20T01:03:00,180.48,180.52,180.35,180.47,4240.85
2025-08-20T01:04:00,180.47,180.53,180.4,180.44,6914.66
2025-08-20T01:05:00,180.44,180.57,180.4,180.42,5867.38
2025-08-20T01:06:00,180.42,180.42,180.26,180.26,7442.91
2025-08-20T01:07:00,180.26,180.36,180.22,180.22,6635.38
2025-08-20T01:08:00,180.22,180.29,180.2,180.2,14881.19
2025-08-20T01:09:00,180.21,180.27,180.14,180.18,5372.82
2025-08-20T01:10:00,180.19,180.21,180.06,180.07,12448.24
2025-08-20T01:11:00,180.06,180.1,180.01,180.03,8268.01
2025-08-20T01:12:00,180.03,180.1,180.01,180.08,6725.64
2025-08-20T01:13:00,180.07,180.21,180.01,180.17,10388.63
2025-08-20T01:14:00,180.16,180.18,180.11,180.11,4953.43
2025-08-20T01:15:00,180.12,180.39,180.08,180.33,9174.18
2025-08-20T01:16:00,180.32,180.33,180.13,180.13,7277.72
2025-08-20T01:17:00,180.13,180.26,180.12,180.21,4288.09
2025-08-20T01:18:00,180.21,180.21,179.88,179.91,34873.95
2025-08-20T01:19:00,179.9,179.96,179.85,179.9,29191.42
2025-08-20T01:20:00,179.9,179.97,179.79,179.81,18548.75
2025-08-20T01:21:00,179.82,179.95,179.75,179.86,18881.48
2025-08-20T01:22:00,179.87,180.07,179.87,179.95,19669.17
2025-08-20T01:23:00,179.96,180.03,179.93,180.02,6303.85
2025-08-20T01:24:00,180.01,180.02,179.93,179.96,6909.57
2025-08-20T01:25:00,179.96,180.16,179.96,180.04,8325.92
2025-08-20T01:26:00,180.04,180.05,179.91,179.91,5058.12
2025-08-20T01:27:00,179.91,180.05,179.9,180.05,6651.08
2025-08-20T01:28:00,180.05,180.16,180.03,180.07,6146.58
2025-08-20T01:29:00,180.07,180.09,180.06,180.06,1871.83
2025-08-20T01:30:00,180.06,180.11,179.97,179.99,5903.67
2025-08-20T01:31:00,179.99,180.16,179.99,180.04,7994.0
2025-08-20T01:32:00,180.04,180.21,180.01,180.2,4682.07
2025-08-20T01:33:00,180.21,180.27,180.11,180.24,9428.85
2025-08-20T01:34:00,180.25,180.53,180.25,180.51,10954.86
2025-08-20T01:35:00,180.51,180.55,180.39,180.4,15419.16
2025-08-20T01:36:00,180.41,180.57,180.37,180.57,10686.32
2025-08-20T01:37:00,180.57,180.58,180.43,180.53,6411.73
2025-08-20T01:38:00,180.52,180.58,180.47,180.5,4432.13
2025-08-20T01:39:00,180.5,180.54,180.43,180.49,4559.31
2025-08-20T01:40:00,180.49,180.53,180.43,180.43,3441.52
2025-08-20T01:41:00,180.44,180.68,180.43,180.61,20997.42
2025-08-20T01:42:00,180.6,180.64,180.53,180.62,22449.8
2025-08-20T01:43:00,180.61,180.61,180.5,180.54,3026.76
2025-08-20T01:44:00,180.55,180.76,180.54,180.76,11624.97
2025-08-20T01:45:00,180.75,180.8,180.53,180.53,9103.99
2025-08-20T01:46:00,180.53,180.68,180.53,180.59,3699.84
2025-08-20T01:47:00,180.59,180.64,180.59,180.63,2605.15
2025-08-20T01:48:00,180.64,180.74,180.64,180.74,3643.48
2025-08-20T01:49:00,180.74,180.74,180.59,180.66,4666.8
2025-08-20T01:50:00,180.66,180.68,180.61,180.66,2039.38
2025-08-20T01:51:00,180.66,180.7,180.62,180.69,2811.73
2025-08-20T01:52:00,180.69,180.78,180.61,180.77,3532.23
2025-08-20T01:53:00,180.77,180.89,180.76,180.84,16276.27
2025-08-20T01:54:00,180.84,180.91,180.8,180.91,4265.45
2025-08-20T01:55:00,180.91,181.03,180.88,181.02,15614.83
2025-08-20T01:56:00,181.03,181.08,181.01,181.07,7996.05
2025-08-20T01:57:00,181.07,181.08,180.99,181.05,6865.47
2025-08-20T01:58:00,181.05,181.06,180.9,180.91,9775.87
2025-08-20T01:59:00,180.91,181.05,180.9,181.01,8535.95
2025-08-20T02:00:00,181.0,181.19,180.98,181.07,25485.2
2025-08-20T02:01:00,181.06,181.1,180.92,181.07,10603.22
2025-08-20T02:02:00,181.06,181.22,181.06,181.2,6827.41
2025-08-20T02:03:00,181.2,181.23,181.08,181.11,8532.71
2025-08-20T02:04:00,181.11,181.14,180.86,180.96,7913.78
2025-08-20T02:05:00,180.95,180.97,180.81,180.84,5955.17
2025-08-20T02:06:00,180.84,180.9,180.81,180.88,4215.33
2025-08-20T02:07:00,180.87,180.88,180.64,180.67,14219.52
2025-08-20T02:08:00,180.66,180.87,180.64,180.76,15670.41
2025-08-20T02:09:00,180.76,180.8,180.67,180.7,4401.59
2025-08-20T02:10:00,180.69,180.73,180.6,180.61,6587.01
2025-08-20T02:11:00,180.61,180.63,180.5,180.5,6288.86
2025-08-20T02:12:00,180.5,180.51,180.4,180.4,10680.42
2025-08-20T02:13:00,180.4,180.47,180.38,180.41,6989.79
2025-08-20T02:14:00,180.4,180.45,180.36,180.36,4049.36
2025-08-20T02:15:00,180.36,180.47,180.33,180.34,3866.61
2025-08-20T02:16:00,180.34,180.41,180.34,180.36,2779.76
2025-08-20T02:17:00,180.36,180.36,180.08,180.16,9565.33
2025-08-20T02:18:00,180.16,180.41,180.15,180.32,5431.95
2025-08-20T02:19:00,180.32,180.59,180.32,180.59,6194.02
2025-08-20T02:20:00,180.58,180.6,180.5,180.52,10878.38
2025-08-20T02:21:00,180.53,180.58,180.5,180.55,4566.65
2025-08-20T02:22:00,180.56,180.76,180.54,180.56,6373.53
2025-08-20T02:23:00,180.56,180.57,180.41,180.42,2696.24
2025-08-20T02:24:00,180.42,180.56,180.41,180.45,4150.5
2025-08-20T02:25:00,180.46,180.46,180.31,180.34,3958.03
2025-08-20T02:26:00,180.35,180.36,180.22,180.27,6419.52
2025-08-20T02:27:00,180.28,180.39,180.27,180.27,2987.17
2025-08-20T02:28:00,180.27,180.42,180.21,180.33,7471.09
2025-08-20T02:29:00,180.33,180.49,180.32,180.37,5226.75
2025-08-20T02:30:00,180.36,180.63,180.29,180.59,12001.48
2025-08-20T02:31:00,180.59,180.6,180.38,180.48,3021.56
2025-08-20T02:32:00,180.48,180.54,180.44,180.5,5740.74
2025-08-20T02:33:00,180.49,180.49,180.38,180.48,3398.21
2025-08-20T02:34:00,180.49,180.6,180.4,180.6,4566.55
2025-08-20T02:35:00,180.59,180.6,180.44,180.48,3157.23
2025-08-20T02:36:00,180.47,180.76,180.38,180.72,6842.71
2025-08-20T02:37:00,180.73,180.97,180.68,180.96,9401.26
2025-08-20T02:38:00,180.96,181.05,180.94,180.99,8055.23
2025-08-20T02:39:00,180.99,181.11,180.95,181.07,9656.58
2025-08-20T02:40:00,181.08,181.16,180.98,181.08,8434.06
2025-08-20T02:41:00,181.08,181.1,180.98,181.02,14979.82
2025-08-20T02:42:00,181.02,181.1,180.98,181.1,8998.3
2025-08-20T02:43:00,181.09,181.1,180.94,180.98,3830.77
2025-08-20T02:44:00,180.99,181.05,180.94,180.98,8662.07
2025-08-20T02:45:00,180.97,180.98,180.8,180.8,9872.53
2025-08-20T02:46:00,180.8,180.82,180.67,180.67,6483.01
2025-08-20T02:47:00,180.67,180.68,180.53,180.54,6976.15
2025-08-20T02:48:00,180.53,180.58,180.44,180.52,12248.41
2025-08-20T02:49:00,180.53,180.57,180.42,180.45,6422.58
2025-08-20T02:50:00,180.45,180.64,180.45,180.54,6249.91
2025-08-20T02:51:00,180.55,180.59,180.46,180.47,5757.8
2025-08-20T02:52:00,180.46,180.55,180.44,180.55,5384.21
2025-08-20T02:53:00,180.55,180.67,180.52,180.66,3670.64
2025-08-20T02:54:00,180.66,180.71,180.6,180.67,7180.53
2025-08-20T02:55:00,180.67,180.74,180.63,180.7,3923.17
2025-08-20T02:56:00,180.7,180.88,180.68,180.86,5270.44
2025-08-20T02:57:00,180.85,180.91,180.8,180.89,7013.46
2025-08-20T02:58:00,180.9,181.01,180.9,180.97,9516.85
2025-08-20T02:59:00,180.98,180.98,180.85,180.93,6341.78
2025-08-20T03:00:00,180.94,181.19,180.91,181.12,17859.77
2025-08-20T03:01:00,181.12,181.22,180.98,181.19,13776.98
2025-08-20T03:02:00,181.19,181.44,181.17,181.43,19642.19
2025-08-20T03:03:00,181.44,181.44,181.16,181.16,16480.87
2025-08-20T03:04:00,181.17,181.23,181.14,181.17,5577.79
2025-08-20T03:05:00,181.16,181.25,180.83,180.86,14167.03
2025-08-20T03:06:00,180.86,181.09,180.84,181.06,8872.21
2025-08-20T03:07:00,181.06,181.22,181.05,181.22,4742.8
2025-08-20T03:08:00,181.22,181.23,181.16,181.18,4627.89
2025-08-20T03:09:00,181.18,181.32,181.16,181.25,3444.26
2025-08-20T03:10:00,181.25,181.4,181.21,181.35,9387.72
2025-08-20T03:11:00,181.35,181.36,181.23,181.3,8710.52
2025-08-20T03:12:00,181.29,181.31,181.19,181.27,5850.89
2025-08-20T03:13:00,181.26,181.27,181.18,181.25,3411.82
2025-08-20T03:14:00,181.25,181.41,181.24,181.37,7313.84
2025-08-20T03:15:00,181.38,181.52,181.35,181.51,14458.18
2025-08-20T03:16:00,181.52,181.58,181.47,181.56,12980.37
2025-08-20T03:17:00,181.55,181.57,181.33,181.34,8962.27
2025-08-20T03:18:00,181.33,181.33,181.18,181.28,19126.89
2025-08-20T03:19:00,181.28,181.37,181.14,181.32,13363.59
2025-08-20T03:20:00,181.32,181.39,181.23,181.36,13025.97
2025-08-20T03:21:00,181.36,181.36,181.23,181.26,4383.45
2025-08-20T03:22:00,181.26,181.26,181.18,181.19,5891.64
2025-08-20T03:23:00,181.19,181.25,181.11,181.16,5833.93
2025-08-20T03:24:00,181.17,181.2,181.13,181.14,2934.35
2025-08-20T03:25:00,181.14,181.27,181.07,181.13,5527.97
2025-08-20T03:26:00,181.12,181.29,181.12,181.27,4674.27
2025-08-20T03:27:00,181.27,181.27,181.1,181.11,3810.07
2025-08-20T03:28:00,181.1,181.21,181.08,181.09,3393.49
2025-08-20T03:29:00,181.09,181.1,181.07,181.1,2682.52
2025-08-20T03:30:00,181.1,181.15,180.79,180.8,16549.74
2025-08-20T03:31:00,180.8,180.87,180.7,180.78,15358.0
2025-08-20T03:32:00,180.78,181.0,180.78,180.99,14748.56
2025-08-20T03:33:00,180.99,181.0,180.78,180.79,8524.59
2025-08-20T03:34:00,180.79,180.8,180.7,180.72,8884.45
2025-08-20T03:35:00,180.72,180.76,180.56,180.58,15849.65
2025-08-20T03:36:00,180.57,180.7,180.53,180.54,14006.16
2025-08-20T03:37:00,180.54,180.7,180.54,180.66,12051.89
2025-08-20T03:38:00,180.65,180.75,180.59,180.73,11179.01
2025-08-20T03:39:00,180.72,180.76,180.61,180.74,6904.04
2025-08-20T03:40:00,180.73,180.93,180.73,180.93,4632.65
2025-08-20T03:41:00,180.92,181.0,180.9,180.9,5857.44
2025-08-20T03:42:00,180.9,180.9,180.81,180.88,8213.38
2025-08-20T03:43:00,180.87,180.88,180.8,180.8,6097.75
2025-08-20T03:44:00,180.8,180.87,180.78,180.86,7161.14
2025-08-20T03:45:00,180.87,180.92,180.7,180.74,5604.54
2025-08-20T03:46:00,180.73,181.02,180.73,181.02,4863.59
2025-08-20T03:47:00,181.01,181.02,180.95,181.0,7333.72
2025-08-20T03:48:00,181.01,181.12,180.97,181.03,5990.24
2025-08-20T03:49:00,181.03,181.04,180.89,180.98,6905.27
2025-08-20T03:50:00,180.99,181.0,180.85,180.99,5573.62
2025-08-20T03:51:00,181.0,181.0,180.78,180.78,4716.98
2025-08-20T03:52:00,180.77,180.82,180.77,180.77,2569.07
2025-08-20T03:53:00,180.77,180.77,180.61,180.62,4858.08
2025-08-20T03:54:00,180.62,180.71,180.6,180.62,4418.68
2025-08-20T03:55:00,180.63,180.72,180.56,180.58,4845.48
2025-08-20T03:56:00,180.58,180.6,180.44,180.45,13123.37
2025-08-20T03:57:00,180.45,180.49,180.24,180.37,28247.1
2025-08-20T03:58:00,180.37,180.47,180.35,180.47,5125.58
2025-08-20T03:59:00,180.46,180.5,180.39,180.45,4396.46
2025-08-20T04:00:00,180.46,180.5,180.18,180.21,12333.17
2025-08-20T04:01:00,180.22,180.39,180.21,180.37,9327.34
2025-08-20T04:02:00,180.37,180.49,180.37,180.45,9048.96
2025-08-20T04:03:00,180.44,180.54,180.4,180.41,9416.16
2025-08-20T04:04:00,180.41,180.52,180.37,180.52,12612.96
2025-08-20T04:05:00,180.52,180.66,180.42,180.46,19001.12
2025-08-20T04:06:00,180.47,180.47,180.34,180.38,9332.9
2025-08-20T04:07:00,180.38,180.38,180.22,180.3,7013.0
2025-08-20T04:08:00,180.3,180.39,180.24,180.37,3937.87
2025-08-20T04:09:00,180.38,180.44,180.35,180.38,2193.48
2025-08-20T04:10:00,180.38,180.54,180.37,180.53,8298.31
2025-08-20T04:11:00,180.53,180.75,180.52,180.66,12408.57
2025-08-20T04:12:00,180.66,180.88,180.61,180.73,21228.7
2025-08-20T04:13:00,180.74,180.85,180.69,180.85,11509.29
2025-08-20T04:14:00,180.84,180.95,180.83,180.86,10009.88
2025-08-20T04:15:00,180.87,180.96,180.84,180.92,12221.03
2025-08-20T04:16:00,180.93,180.98,180.72,180.92,31716.48
2025-08-20T04:17:00,180.92,180.93,180.84,180.84,8603.74
2025-08-20T04:18:00,180.84,180.85,180.73,180.8,10310.08
2025-08-20T04:19:00,180.81,180.9,180.77,180.87,4482.93
2025-08-20T04:20:00,180.88,180.95,180.85,180.95,10225.69
2025-08-20T04:21:00,180.95,180.95,180.73,180.74,7396.53
2025-08-20T04:22:00,180.74,180.83,180.72,180.83,7569.57
2025-08-20T04:23:00,180.83,180.89,180.72,180.73,7884.13
2025-08-20T04:24:00,180.72,180.82,180.72,180.79,5771.53
2025-08-20T04:25:00,180.79,180.8,180.7,180.7,4237.32
2025-08-20T04:26:00,180.71,180.85,180.66,180.84,10817.29
2025-08-20T04:27:00,180.84,181.1,180.82,181.06,20244.1
2025-08-20T04:28:00,181.06,181.32,181.06,181.31,17641.23
2025-08-20T04:29:00,181.31,181.35,181.26,181.34,19679.05
2025-08-20T04:30:00,181.34,181.39,181.3,181.34,11706.4
2025-08-20T04:31:00,181.34,181.44,181.32,181.43,16979.67
2025-08-20T04:32:00,181.43,181.72,181.42,181.71,25166.5
2025-08-20T04:33:00,181.72,181.95,181.67,181.82,46797.93
2025-08-20T04:34:00,181.83,181.88,181.69,181.71,19791.46
2025-08-20T04:35:00,181.71,181.72,181.4,181.44,25950.8
2025-08-20T04:36:00,181.45,181.56,181.38,181.42,13264.01
2025-08-20T04:37:00,181.42,181.57,181.38,181.48,9062.86
2025-08-20T04:38:00,181.49,181.5,181.33,181.45,14859.23
2025-08-20T04:39:00,181.44,181.57,181.36,181.43,24576.47
2025-08-20T04:40:00,181.43,181.54,181.34,181.48,22338.88
2025-08-20T04:41:00,181.48,181.77,181.46,181.73,31347.52
2025-08-20T04:42:00,181.74,181.74,181.31,181.52,25695.52
2025-08-20T04:43:00,181.51,181.66,181.44,181.58,31371.13
2025-08-20T04:44:00,181.58,181.72,181.56,181.72,4767.27
2025-08-20T04:45:00,181.72,181.73,181.59,181.66,9519.41
2025-08-20T04:46:00,181.67,181.71,181.6,181.62,14374.63
2025-08-20T04:47:00,181.62,181.84,181.62,181.84,3233.24
2025-08-20T04:48:00,181.84,181.84,181.75,181.76,6062.34
2025-08-20T04:49:00,181.76,181.82,181.7,181.7,5497.09
2025-08-20T04:50:00,181.71,181.77,181.65,181.65,8230.53
2025-08-20T04:51:00,181.66,181.72,181.51,181.6,14010.43
2025-08-20T04:52:00,181.6,181.66,181.46,181.63,16516.28
2025-08-20T04:53:00,181.63,181.63,181.38,181.39,18859.78
2025-08-20T04:54:00,181.39,181.5,181.29,181.49,22963.96
2025-08-20T04:55:00,181.5,181.53,181.33,181.37,15377.39
2025-08-20T04:56:00,181.36,181.66,181.34,181.66,11747.3
2025-08-20T04:57:00,181.66,181.66,181.49,181.54,12419.19
2025-08-20T04:58:00,181.55,182.23,181.54,182.07,65075.2
2025-08-20T04:59:00,182.08,182.14,181.96,181.96,24188.48
2025-08-20T05:00:00,181.97,181.97,181.6,181.61,20561.09
2025-08-20T05:01:00,181.62,181.62,181.55,181.55,14032.32
2025-08-20T05:02:00,181.56,181.65,181.51,181.56,11479.97
2025-08-20T05:03:00,181.56,181.67,181.45,181.45,11456.83
2025-08-20T05:04:00,181.46,181.65,181.45,181.59,10110.1
2025-08-20T05:05:00,181.59,181.59,181.44,181.48,10529.99
2025-08-20T05:06:00,181.49,181.92,181.48,181.89,11627.95
2025-08-20T05:07:00,181.89,182.01,181.87,181.89,11366.25
2025-08-20T05:08:00,181.9,181.9,181.65,181.8,12116.47
2025-08-20T05:09:00,181.81,181.95,181.66,181.82,23480.38
2025-08-20T05:10:00,181.82,181.98,181.63,181.75,18573.09
2025-08-20T05:11:00,181.76,181.89,181.67,181.72,32816.24
2025-08-20T05:12:00,181.72,181.98,181.63,181.9,22510.17
2025-08-20T05:13:00,181.91,182.09,181.9,182.08,13784.58
2025-08-20T05:14:00,182.08,182.14,181.91,181.95,16963.72
2025-08-20T05:15:00,181.96,182.08,181.78,181.93,18227.05
2025-08-20T05:16:00,181.93,181.95,181.77,181.83,7451.34
2025-08-20T05:17:00,181.84,181.85,181.76,181.77,3282.49
2025-08-20T05:18:00,181.77,181.92,181.77,181.92,9858.88
2025-08-20T05:19:00,181.93,181.96,181.88,181.89,9011.44
2025-08-20T05:20:00,181.89,182.08,181.88,182.07,8103.23
2025-08-20T05:21:00,182.07,182.12,181.95,181.98,10904.4
2025-08-20T05:22:00,181.99,182.16,181.99,182.16,6766.42
2025-08-20T05:23:00,182.16,182.16,181.94,181.96,13167.97
2025-08-20T05:24:00,181.96,181.99,181.85,181.98,11431.76
2025-08-20T05:25:00,181.98,182.05,181.88,181.91,9541.85
2025-08-20T05:26:00,181.92,181.95,181.66,181.66,10855.52
2025-08-20T05:27:00,181.67,181.7,181.5,181.51,14098.24
2025-08-20T05:28:00,181.5,181.57,181.48,181.51,13003.0
2025-08-20T05:29:00,181.51,181.53,181.43,181.47,14243.51
2025-08-20T05:30:00,181.47,181.62,181.45,181.56,16129.39
2025-08-20T05:31:00,181.56,181.56,181.33,181.4,13004.67
2025-08-20T05:32:00,181.4,181.58,181.32,181.58,10097.3
2025-08-20T05:33:00,181.57,181.67,181.52,181.53,10323.51
2025-08-20T05:34:00,181.53,181.55,181.48,181.51,10735.47
2025-08-20T05:35:00,181.51,181.62,181.44,181.46,6802.66
2025-08-20T05:36:00,181.47,181.55,181.4,181.54,6413.92
2025-08-20T05:37:00,181.53,181.66,181.43,181.66,8989.49
2025-08-20T05:38:00,181.65,181.78,181.57,181.75,5752.46
2025-08-20T05:39:00,181.75,181.76,181.6,181.73,6951.84
2025-08-20T05:40:00,181.72,181.92,181.72,181.89,5920.52
2025-08-20T05:41:00,181.9,181.9,181.73,181.73,13573.99
2025-08-20T05:42:00,181.73,181.9,181.7,181.81,6914.29
2025-08-20T05:43:00,181.81,181.81,181.61,181.61,5421.58
2025-08-20T05:44:00,181.62,181.64,181.52,181.62,5756.75
2025-08-20T05:45:00,181.63,181.77,181.62,181.66,5091.97
2025-08-20T05:46:00,181.66,181.76,181.6,181.69,3886.66
2025-08-20T05:47:00,181.69,181.95,181.68,181.93,6279.02
2025-08-20T05:48:00,181.94,181.94,181.62,181.62,11586.17
2025-08-20T05:49:00,181.63,181.64,181.39,181.39,8508.88
2025-08-20T05:50:00,181.39,181.48,181.28,181.34,14324.53
2025-08-20T05:51:00,181.34,181.38,181.28,181.3,8726.76
2025-08-20T05:52:00,181.31,181.33,181.15,181.17,19455.53
2025-08-20T05:53:00,181.18,181.22,180.89,180.93,28486.33
2025-08-20T05:54:00,180.94,180.94,180.79,180.88,36457.99
2025-08-20T05:55:00,180.89,181.01,180.89,180.9,29991.25
2025-08-20T05:56:00,180.9,180.97,180.81,180.85,12018.09
2025-08-20T05:57:00,180.86,180.99,180.86,180.95,9082.26
2025-08-20T05:58:00,180.95,181.0,180.91,180.93,8499.34
2025-08-20T05:59:00,180.92,180.94,180.8,180.85,8053.48
2025-08-20T06:00:00,180.85,181.06,180.85,181.05,22185.33
2025-08-20T06:01:00,181.05,181.24,181.0,181.11,18803.44
2025-08-20T06:02:00,181.11,181.24,181.03,181.19,7376.98
2025-08-20T06:03:00,181.2,181.26,181.15,181.24,9790.61
2025-08-20T06:04:00,181.24,181.41,181.23,181.39,6820.91
2025-08-20T06:05:00,181.39,181.43,181.3,181.42,9564.75
2025-08-20T06:06:00,181.42,181.43,181.26,181.32,8264.78
2025-08-20T06:07:00,181.32,181.33,181.17,181.2,5523.25
2025-08-20T06:08:00,181.21,181.26,181.13,181.24,9853.62
2025-08-20T06:09:00,181.25,181.26,181.12,181.13,11177.22
2025-08-20T06:10:00,181.12,181.29,181.12,181.15,4678.94
2025-08-20T06:11:00,181.16,181.22,181.06,181.07,13675.09
2025-08-20T06:12:00,181.08,181.11,180.97,181.07,8156.71
2025-08-20T06:13:00,181.07,181.13,180.88,180.95,8752.52
2025-08-20T06:14:00,180.95,181.06,180.92,180.97,21170.13
2025-08-20T06:15:00,180.97,181.13,180.97,181.08,8530.53
2025-08-20T06:16:00,181.08,181.28,181.04,181.28,4986.74
2025-08-20T06:17:00,181.28,181.46,181.27,181.45,5342.08
2025-08-20T06:18:00,181.46,181.61,181.39,181.61,10099.98
2025-08-20T06:19:00,181.61,181.66,181.48,181.5,7249.39
2025-08-20T06:20:00,181.49,181.5,181.22,181.27,12263.44
2025-08-20T06:21:00,181.27,181.5,181.27,181.49,1845.26
2025-08-20T06:22:00,181.49,181.49,181.17,181.21,3284.18
2025-08-20T06:23:00,181.21,181.24,181.04,181.05,5228.12
2025-08-20T06:24:00,181.05,181.08,180.92,180.95,8173.47
2025-08-20T06:25:00,180.95,180.98,180.86,180.91,12061.38
2025-08-20T06:26:00,180.92,180.95,180.83,180.85,10062.5
2025-08-20T06:27:00,180.87,180.88,180.75,180.78,7697.08
2025-08-20T06:28:00,180.77,180.83,180.77,180.79,7719.68
2025-08-20T06:29:00,180.79,180.89,180.79,180.84,7492.52
2025-08-20T06:30:00,180.83,180.93,180.81,180.83,12724.78
2025-08-20T06:31:00,180.82,180.92,180.79,180.81,4887.21
2025-08-20T06:32:00,180.8,180.88,180.75,180.87,2868.23
2025-08-20T06:33:00,180.88,180.89,180.74,180.76,3999.84
2025-08-20T06:34:00,180.77,180.82,180.72,180.72,3751.2
2025-08-20T06:35:00,180.73,180.85,180.72,180.78,2977.09
2025-08-20T06:36:00,180.79,180.81,180.75,180.75,4700.85
2025-08-20T06:37:00,180.75,180.99,180.74,180.99,3656.89
2025-08-20T06:38:00,180.98,181.04,180.76,180.79,8011.21
2025-08-20T06:39:00,180.79,180.89,180.78,180.89,2900.19
2025-08-20T06:40:00,180.89,181.07,180.88,181.05,6608.36
2025-08-20T06:41:00,181.05,181.07,180.92,180.92,2852.98
2025-08-20T06:42:00,180.93,181.11,180.92,181.11,4018.91
2025-08-20T06:43:00,181.1,181.1,180.92,180.99,4792.48
2025-08-20T06:44:00,180.99,181.02,180.98,180.99,2932.81
2025-08-20T06:45:00,181.0,181.06,180.99,181.06,3218.79
2025-08-20T06:46:00,181.06,181.06,180.96,180.99,3916.7
2025-08-20T06:47:00,180.99,181.13,180.98,181.06,3088.42
2025-08-20T06:48:00,181.07,181.11,181.03,181.08,12240.58
2025-08-20T06:49:00,181.07,181.17,181.01,181.17,4026.63
2025-08-20T06:50:00,181.17,181.23,181.1,181.17,5024.71
2025-08-20T06:51:00,181.17,181.19,181.01,181.06,4941.95
2025-08-20T06:52:00,181.05,181.1,181.04,181.09,1131.94
2025-08-20T06:53:00,181.09,181.09,180.99,181.01,3136.49
2025-08-20T06:54:00,181.02,181.07,180.99,181.04,3682.97
2025-08-20T06:55:00,181.05,181.05,180.89,180.9,3053.28
2025-08-20T06:56:00,180.9,181.01,180.88,181.0,6168.18
2025-08-20T06:57:00,181.0,181.05,180.96,181.02,2953.39
2025-08-20T06:58:00,181.01,181.06,180.99,180.99,2993.05
2025-08-20T06:59:00,180.98,180.98,180.9,180.92,1637.6
2025-08-20T07:00:00,180.93,181.09,180.93,181.0,4964.28
2025-08-20T07:01:00,181.0,181.1,181.0,181.03,3646.43
2025-08-20T07:02:00,181.02,181.18,180.98,181.11,7415.51
2025-08-20T07:03:00,181.11,181.11,181.0,181.07,2565.61
2025-08-20T07:04:00,181.07,181.24,181.04,181.23,8270.73
2025-08-20T07:05:00,181.23,181.25,181.07,181.1,27888.15
2025-08-20T07:06:00,181.11,181.14,181.1,181.13,4653.62
2025-08-20T07:07:00,181.13,181.18,181.1,181.17,6106.26
2025-08-20T07:08:00,181.17,181.17,180.8,180.81,17565.02
2025-08-20T07:09:00,180.82,180.82,180.7,180.74,14444.16
2025-08-20T07:10:00,180.74,180.78,180.55,180.64,15267.18
2025-08-20T07:11:00,180.63,180.69,180.57,180.6,11372.11
2025-08-20T07:12:00,180.6,180.6,180.52,180.52,8912.03
2025-08-20T07:13:00,180.52,180.56,180.45,180.54,21342.73
2025-08-20T07:14:00,180.54,180.54,180.47,180.47,7552.55
2025-08-20T07:15:00,180.47,180.55,180.47,180.47,8134.89
2025-08-20T07:16:00,180.47,180.49,180.31,180.31,23544.93
2025-08-20T07:17:00,180.31,180.34,180.16,180.25,28220.67
2025-08-20T07:18:00,180.25,180.3,180.14,180.22,17842.72
2025-08-20T07:19:00,180.22,180.32,180.19,180.26,14412.21
2025-08-20T07:20:00,180.26,180.35,180.25,180.31,8342.83
2025-08-20T07:21:00,180.31,180.4,180.24,180.24,11415.87
2025-08-20T07:22:00,180.24,180.24,180.12,180.12,7689.48
2025-08-20T07:23:00,180.13,180.19,180.12,180.18,6598.46
2025-08-20T07:24:00,180.19,180.19,180.06,180.06,7416.3
2025-08-20T07:25:00,180.07,180.35,180.06,180.35,11109.7
2025-08-20T07:26:00,180.35,180.35,180.2,180.22,7867.0
2025-08-20T07:27:00,180.22,180.23,180.12,180.13,6956.35
2025-08-20T07:28:00,180.13,180.15,180.0,180.03,22199.2
2025-08-20T07:29:00,180.04,180.05,180.0,180.05,14264.09
2025-08-20T07:30:00,180.05,180.11,180.04,180.05,14437.58
2025-08-20T07:31:00,180.05,180.06,179.63,179.71,107749.69
2025-08-20T07:32:00,179.7,179.71,178.75,178.89,186381.87
2025-08-20T07:33:00,178.88,179.42,178.88,179.33,47880.61
2025-08-20T07:34:00,179.32,179.38,179.13,179.17,29986.16
2025-08-20T07:35:00,179.17,179.29,179.09,179.2,21949.55
2025-08-20T07:36:00,179.19,179.28,179.1,179.26,19707.83
2025-08-20T07:37:00,179.26,179.39,179.13,179.14,15207.55
2025-08-20T07:38:00,179.14,179.16,179.06,179.13,11318.03
2025-08-20T07:39:00,179.13,179.17,178.85,178.9,22412.64
2025-08-20T07:40:00,178.9,179.0,178.8,178.86,19608.03
2025-08-20T07:41:00,178.86,179.01,178.78,178.99,31641.95
2025-08-20T07:42:00,178.99,179.14,178.8,178.84,21651.76
2025-08-20T07:43:00,178.85,178.87,178.26,178.34,88171.05
2025-08-20T07:44:00,178.34,178.63,178.31,178.63,41207.48
2025-08-20T07:45:00,178.63,178.77,178.37,178.41,39920.79
2025-08-20T07:46:00,178.4,178.73,178.25,178.7,58604.36
2025-08-20T07:47:00,178.7,179.0,178.69,178.84,36253.75
2025-08-20T07:48:00,178.84,178.92,178.69,178.92,17358.49
2025-08-20T07:49:00,178.92,179.19,178.9,179.0,32121.11
2025-08-20T07:50:00,179.01,179.44,178.96,179.38,24013.71
2025-08-20T07:51:00,179.38,179.56,179.31,179.55,29531.45
2025-08-20T07:52:00,179.56,179.83,179.5,179.8,30051.32
2025-08-20T07:53:00,179.8,179.87,179.75,179.81,28361.99
2025-08-20T07:54:00,179.82,179.82,179.56,179.7,23401.53
2025-08-20T07:55:00,179.69,179.87,179.61,179.83,14729.91
2025-08-20T07:56:00,179.83,179.94,179.81,179.86,14316.29
2025-08-20T07:57:00,179.87,179.89,179.7,179.89,7626.06
2025-08-20T07:58:00,179.9,180.0,179.89,179.98,9774.28
2025-08-20T07:59:00,179.99,180.26,179.92,180.21,29654.28
2025-08-20T08:00:00,180.2,181.07,180.19,181.02,80350.95
2025-08-20T08:01:00,181.03,181.55,180.98,181.49,49627.89
2025-08-20T08:02:00,181.49,181.72,181.18,181.62,56044.92
2025-08-20T08:03:00,181.62,181.62,181.1,181.31,47684.55
2025-08-20T08:04:00,181.31,181.34,180.95,181.12,47217.68
2025-08-20T08:05:00,181.12,181.3,180.99,181.06,22870.57
2025-08-20T08:06:00,181.06,181.07,180.73,180.75,32594.93
2025-08-20T08:07:00,180.75,181.17,180.61,181.08,26503.81
2025-08-20T08:08:00,181.07,181.15,180.7,180.78,15567.38
2025-08-20T08:09:00,180.78,180.99,180.64,180.99,11129.18
2025-08-20T08:10:00,180.99,181.06,180.84,181.02,12437.05
2025-08-20T08:11:00,181.03,181.1,180.84,180.94,12039.12
2025-08-20T08:12:00,180.94,180.97,180.76,180.8,10345.07
2025-08-20T08:13:00,180.79,180.86,180.61,180.66,10549.68
2025-08-20T08:14:00,180.66,180.94,180.65,180.86,10439.14
2025-08-20T08:15:00,180.86,180.95,180.74,180.81,7575.83
2025-08-20T08:16:00,180.8,181.17,180.8,181.09,10846.73
2025-08-20T08:17:00,181.08,181.1,180.85,180.9,9324.48
2025-08-20T08:18:00,180.91,180.93,180.6,180.63,9565.44
2025-08-20T08:19:00,180.63,180.63,180.5,180.53,13755.0
2025-08-20T08:20:00,180.54,180.67,180.4,180.41,10355.1
2025-08-20T08:21:00,180.41,180.64,180.37,180.44,15425.41
2025-08-20T08:22:00,180.45,180.45,180.17,180.32,25324.26
2025-08-20T08:23:00,180.32,180.37,180.1,180.25,18373.79
2025-08-20T08:24:00,180.25,180.47,180.25,180.43,14209.73
2025-08-20T08:25:00,180.44,180.64,180.44,180.57,16623.19
2025-08-20T08:26:00,180.57,180.78,180.48,180.77,12921.36
2025-08-20T08:27:00,180.77,180.82,180.61,180.62,10102.23
2025-08-20T08:28:00,180.62,180.66,180.41,180.42,8934.43
2025-08-20T08:29:00,180.42,180.74,180.38,180.7,19104.61
2025-08-20T08:30:00,180.7,181.05,180.61,181.04,17407.63
2025-08-20T08:31:00,181.05,181.13,180.94,181.0,14951.15
2025-08-20T08:32:00,181.0,181.0,180.6,180.78,32245.16
2025-08-20T08:33:00,180.78,180.99,180.78,180.98,11141.67
2025-08-20T08:34:00,180.98,181.14,180.89,181.12,12537.61
2025-08-20T08:35:00,181.13,181.28,181.1,181.28,10861.42
2025-08-20T08:36:00,181.27,181.34,181.08,181.23,13833.04
2025-08-20T08:37:00,181.23,181.66,181.2,181.65,38389.4
2025-08-20T08:38:00,181.65,181.78,181.5,181.76,33287.03
2025-08-20T08:39:00,181.77,181.82,181.57,181.6,21193.61
2025-08-20T08:40:00,181.59,181.93,181.52,181.92,37242.34
2025-08-20T08:41:00,181.92,182.1,181.83,181.86,34491.1
2025-08-20T08:42:00,181.86,181.99,181.84,181.97,15797.75
2025-08-20T08:43:00,181.97,181.97,181.8,181.84,12121.61
2025-08-20T08:44:00,181.84,181.84,181.71,181.84,12037.8
2025-08-20T08:45:00,181.83,181.9,181.53,181.65,27150.2
2025-08-20T08:46:00,181.65,181.82,181.62,181.73,11667.24
2025-08-20T08:47:00,181.73,181.73,181.52,181.55,7243.32
2025-08-20T08:48:00,181.55,181.68,181.55,181.63,5870.24
2025-08-20T08:49:00,181.64,181.79,181.63,181.67,9791.18
2025-08-20T08:50:00,181.67,181.94,181.67,181.93,14048.46
2025-08-20T08:51:00,181.93,182.0,181.5,181.63,23061.76
2025-08-20T08:52:00,181.63,181.74,181.39,181.54,15220.01
2025-08-20T08:53:00,181.54,181.98,181.53,181.9,25001.06
2025-08-20T08:54:00,181.9,182.07,181.89,182.05,17684.11
2025-08-20T08:55:00,182.05,182.08,182.0,182.06,16969.57
2025-08-20T08:56:00,182.06,182.25,182.03,182.06,26080.55
2025-08-20T08:57:00,182.06,182.09,181.8,181.81,15506.13
2025-08-20T08:58:00,181.81,181.92,181.79,181.8,10333.75
2025-08-20T08:59:00,181.8,181.89,181.75,181.82,10794.76
2025-08-20T09:00:00,181.82,181.82,181.52,181.62,22778.51
2025-08-20T09:01:00,181.61,181.74,181.56,181.57,12219.38
2025-08-20T09:02:00,181.56,181.64,181.19,181.24,21479.08
2025-08-20T09:03:00,181.24,181.45,181.18,181.29,16088.38
2025-08-20T09:04:00,181.29,181.44,181.26,181.31,9961.95
2025-08-20T09:05:00,181.31,181.31,181.15,181.27,12463.22
2025-08-20T09:06:00,181.27,181.41,181.22,181.4,12272.67
2025-08-20T09:07:00,181.4,181.51,181.3,181.33,9984.8
2025-08-20T09:08:00,181.33,181.33,181.08,181.1,11574.86
2025-08-20T09:09:00,181.09,181.13,181.03,181.07,13800.7
2025-08-20T09:10:00,181.08,181.12,180.8,180.82,24095.7
2025-08-20T09:11:00,180.83,180.91,180.68,180.74,15382.98
2025-08-20T09:12:00,180.73,180.8,180.55,180.55,30545.39
2025-08-20T09:13:00,180.56,180.76,180.43,180.45,30171.6
2025-08-20T09:14:00,180.45,180.5,180.31,180.31,24291.86
2025-08-20T09:15:00,180.32,180.4,180.12,180.23,47537.57
2025-08-20T09:16:00,180.23,180.46,180.19,180.41,19054.75
2025-08-20T09:17:00,180.41,180.8,180.38,180.49,38138.12
2025-08-20T09:18:00,180.49,180.77,180.35,180.66,16390.28
2025-08-20T09:19:00,180.67,180.69,180.33,180.39,13268.29
2025-08-20T09:20:00,180.39,180.6,180.25,180.57,13920.77
2025-08-20T09:21:00,180.58,180.67,180.42,180.66,9029.04
2025-08-20T09:22:00,180.67,180.71,180.48,180.59,7104.22
2025-08-20T09:23:00,180.59,180.68,180.45,180.48,6050.6
2025-08-20T09:24:00,180.48,180.64,180.39,180.46,5933.43
2025-08-20T09:25:00,180.46,180.63,180.37,180.48,16725.67
2025-08-20T09:26:00,180.48,180.58,180.35,180.56,6707.18
2025-08-20T09:27:00,180.56,180.58,180.38,180.52,6448.46
2025-08-20T09:28:00,180.53,180.82,180.53,180.77,15159.75
2025-08-20T09:29:00,180.78,180.88,180.74,180.75,9963.67
2025-08-20T09:30:00,180.76,180.84,179.94,180.02,51522.05
2025-08-20T09:31:00,180.02,180.64,179.75,180.17,53111.18
2025-08-20T09:32:00,180.17,180.22,179.74,179.83,44220.54
2025-08-20T09:33:00,179.84,180.34,179.84,180.26,28474.84
2025-08-20T09:34:00,180.26,180.26,180.0,180.04,14809.13
2025-08-20T09:35:00,180.04,180.55,179.98,180.28,35847.09
2025-08-20T09:36:00,180.28,181.22,180.2,181.01,47064.43
2025-08-20T09:37:00,181.02,181.52,180.78,181.48,58136.9
2025-08-20T09:38:00,181.48,181.67,181.15,181.46,34806.22
2025-08-20T09:39:00,181.46,181.5,180.8,180.88,31257.08
2025-08-20T09:40:00,180.89,181.13,180.53,180.53,43114.5
2025-08-20T09:41:00,180.53,180.65,180.22,180.55,43815.28
2025-08-20T09:42:00,180.55,181.65,180.54,181.27,106148.62
2025-08-20T09:43:00,181.26,181.37,180.74,180.8,31462.52
2025-08-20T09:44:00,180.8,180.85,180.39,180.46,16346.31
2025-08-20T09:45:00,180.47,180.65,179.6,179.64,63714.11
2025-08-20T09:46:00,179.65,180.15,179.44,179.61,70996.24
2025-08-20T09:47:00,179.61,179.78,179.34,179.35,35946.16
2025-08-20T09:48:00,179.36,179.75,179.36,179.6,45949.29
2025-08-20T09:49:00,179.61,180.07,179.51,179.63,42392.18
2025-08-20T09:50:00,179.63,179.63,179.19,179.29,78160.47
2025-08-20T09:51:00,179.29,179.34,178.69,178.71,117386.24
2025-08-20T09:52:00,178.72,179.16,178.61,178.92,55908.8
2025-08-20T09:53:00,178.92,179.12,178.6,178.73,72007.93
2025-08-20T09:54:00,178.73,178.97,178.72,178.86,32734.01
2025-08-20T09:55:00,178.86,179.54,178.86,179.32,44683.35
2025-08-20T09:56:00,179.31,179.31,178.63,179.08,40555.72
2025-08-20T09:57:00,179.08,179.57,179.05,179.34,34580.93
2025-08-20T09:58:00,179.34,179.34,178.84,178.97,32891.73
2025-08-20T09:59:00,178.98,179.05,178.64,178.71,35815.8
2025-08-20T10:00:00,178.71,179.13,178.66,178.97,44511.74
2025-08-20T10:01:00,178.96,179.15,178.58,178.68,38033.56
2025-08-20T10:02:00,178.67,178.93,178.67,178.86,27487.43
2025-08-20T10:03:00,178.85,179.32,178.81,179.18,33696.95
2025-08-20T10:04:00,179.18,179.21,178.8,178.8,23610.7
2025-08-20T10:05:00,178.8,178.94,177.84,177.91,93587.46
2025-08-20T10:06:00,177.91,178.54,177.8,178.12,88919.4
2025-08-20T10:07:00,178.12,178.59,178.12,178.44,76428.67
2025-08-20T10:08:00,178.44,178.5,177.8,177.88,76334.35
2025-08-20T10:09:00,177.88,178.25,177.77,177.89,70617.72
2025-08-20T10:10:00,177.89,178.0,177.48,177.5,100945.83
2025-08-20T10:11:00,177.5,177.79,177.48,177.71,51117.05
2025-08-20T10:12:00,177.71,177.95,177.7,177.77,29336.68
2025-08-20T10:13:00,177.78,178.14,177.71,178.07,40432.9
2025-08-20T10:14:00,178.06,178.47,178.03,178.3,24210.58
2025-08-20T10:15:00,178.3,178.3,177.86,178.0,36871.29
2025-08-20T10:16:00,177.99,178.21,177.44,177.47,47198.01
2025-08-20T10:17:00,177.48,178.22,177.48,178.16,27804.03
2025-08-20T10:18:00,178.15,178.25,178.0,178.15,22174.59
2025-08-20T10:19:00,178.14,179.02,178.14,178.79,100515.57
2025-08-20T10:20:00,178.78,178.91,178.44,178.83,40764.86
2025-08-20T10:21:00,178.83,179.06,178.67,179.01,35194.61
2025-08-20T10:22:00,179.0,179.05,178.82,179.03,21972.87
2025-08-20T10:23:00,179.04,179.4,179.01,179.22,37514.61
2025-08-20T10:24:00,179.21,179.33,179.12,179.15,43597.97
2025-08-20T10:25:00,179.16,179.3,178.85,179.0,23981.14
2025-08-20T10:26:00,178.99,179.15,178.81,178.84,21182.43
2025-08-20T10:27:00,178.83,179.26,178.82,179.21,21374.04
2025-08-20T10:28:00,179.21,179.75,179.13,179.7,79539.93
2025-08-20T10:29:00,179.7,179.81,179.34,179.51,55388.48
2025-08-20T10:30:00,179.51,180.21,179.51,179.82,85656.85
2025-08-20T10:31:00,179.82,180.7,179.76,180.69,81417.85
2025-08-20T10:32:00,180.69,180.82,180.27,180.61,58597.79
2025-08-20T10:33:00,180.61,181.66,180.5,181.55,161857.32
2025-08-20T10:34:00,181.55,181.59,181.23,181.4,76815.67
2025-08-20T10:35:00,181.4,181.58,180.89,181.51,117911.24
2025-08-20T10:36:00,181.52,181.96,181.49,181.53,108032.28
2025-08-20T10:37:00,181.53,181.61,181.2,181.3,38909.14
2025-08-20T10:38:00,181.29,181.95,181.26,181.9,42233.15
2025-08-20T10:39:00,181.9,182.36,181.77,181.77,153946.27
2025-08-20T10:40:00,181.77,181.99,181.46,181.59,44349.05
2025-08-20T10:41:00,181.59,181.81,181.32,181.65,28582.36
2025-08-20T10:42:00,181.65,181.74,181.43,181.61,30571.32
2025-08-20T10:43:00,181.6,181.71,181.4,181.45,24385.13
2025-08-20T10:44:00,181.46,181.66,181.44,181.53,16403.66
2025-08-20T10:45:00,181.53,182.0,181.42,181.92,33181.54
2025-08-20T10:46:00,181.91,181.95,181.18,181.38,38934.79
2025-08-20T10:47:00,181.38,182.1,181.37,182.07,35495.62
2025-08-20T10:48:00,182.06,182.11,181.72,181.91,22763.87
2025-08-20T10:49:00,181.9,182.16,181.73,182.03,24980.5
2025-08-20T10:50:00,182.04,182.25,181.98,182.23,38411.32
2025-08-20T10:51:00,182.22,182.48,181.9,181.92,66575.74
2025-08-20T10:52:00,181.91,182.14,181.75,181.76,18337.27
2025-08-20T10:53:00,181.75,181.87,181.47,181.47,27639.28
2025-08-20T10:54:00,181.48,181.77,181.47,181.73,15750.43
2025-08-20T10:55:00,181.72,181.8,181.51,181.52,19338.67
2025-08-20T10:56:00,181.51,181.64,181.31,181.34,42754.47
2025-08-20T10:57:00,181.34,181.45,181.1,181.22,24455.17
2025-08-20T10:58:00,181.22,181.56,181.16,181.53,26700.54
2025-08-20T10:59:00,181.52,181.6,181.27,181.29,24145.94
2025-08-20T11:00:00,181.29,181.48,181.09,181.4,42219.51
2025-08-20T11:01:00,181.39,181.7,181.31,181.69,17824.3
2025-08-20T11:02:00,181.68,181.7,181.48,181.5,16787.09
2025-08-20T11:03:00,181.5,182.07,181.46,182.03,43013.93
2025-08-20T11:04:00,182.03,182.48,181.99,182.46,55332.16
2025-08-20T11:05:00,182.46,182.88,182.41,182.8,100392.49
2025-08-20T11:06:00,182.8,184.07,182.77,184.02,220914.49
2025-08-20T11:07:00,184.02,184.36,183.64,183.78,123372.8
2025-08-20T11:08:00,183.77,183.78,183.35,183.48,68672.54
2025-08-20T11:09:00,183.48,183.62,183.31,183.42,55139.61
2025-08-20T11:10:00,183.42,183.42,182.92,183.01,41044.18
2025-08-20T11:11:00,183.0,183.11,182.88,182.96,42752.24
2025-08-20T11:12:00,182.96,183.51,182.96,183.39,73720.9
2025-08-20T11:13:00,183.39,183.46,183.2,183.3,26672.95
2025-08-20T11:14:00,183.3,183.55,183.23,183.45,19716.13
2025-08-20T11:15:00,183.44,183.82,183.36,183.73,51040.67
2025-08-20T11:16:00,183.73,184.05,183.49,183.91,37305.8
2025-08-20T11:17:00,183.91,183.92,183.57,183.84,31895.56
2025-08-20T11:18:00,183.85,184.01,183.7,183.96,27921.23
2025-08-20T11:19:00,183.95,184.05,183.67,184.02,51014.18
2025-08-20T11:20:00,184.02,184.63,184.01,184.63,105839.2
2025-08-20T11:21:00,184.62,184.88,184.31,184.84,118925.41
2025-08-20T11:22:00,184.83,184.85,184.65,184.76,58363.96
2025-08-20T11:23:00,184.75,184.75,184.43,184.51,64647.03
2025-08-20T11:24:00,184.51,184.98,184.33,184.87,58185.41
2025-08-20T11:25:00,184.87,185.0,184.47,184.55,50704.64
2025-08-20T11:26:00,184.56,184.83,184.28,184.7,42668.66
2025-08-20T11:27:00,184.69,184.7,184.52,184.53,24392.95
2025-08-20T11:28:00,184.53,184.73,184.5,184.69,26571.87
2025-08-20T11:29:00,184.69,184.7,184.43,184.46,27337.53
2025-08-20T11:30:00,184.46,184.48,184.23,184.26,36621.38
2025-08-20T11:31:00,184.26,184.53,184.12,184.5,39966.03
2025-08-20T11:32:00,184.51,184.56,184.35,184.39,18968.25
2025-08-20T11:33:00,184.38,184.56,183.95,183.96,50329.49
2025-08-20T11:34:00,183.96,184.29,183.83,184.08,47060.05
2025-08-20T11:35:00,184.08,184.38,183.99,183.99,17193.02
2025-08-20T11:36:00,183.98,184.02,183.66,183.67,48307.48
2025-08-20T11:37:00,183.68,184.17,183.65,184.07,51095.9
2025-08-20T11:38:00,184.06,184.26,184.0,184.19,16439.4
2025-08-20T11:39:00,184.19,184.2,183.7,183.7,19672.33
2025-08-20T11:40:00,183.71,183.96,183.68,183.75,22949.32
2025-08-20T11:41:00,183.74,184.02,183.74,183.95,9531.31
2025-08-20T11:42:00,183.95,184.2,183.88,184.03,14318.73
2025-08-20T11:43:00,184.04,184.06,183.69,183.69,14167.74
2025-08-20T11:44:00,183.69,183.76,183.52,183.53,21148.08
2025-08-20T11:45:00,183.52,183.9,183.52,183.73,30063.77
2025-08-20T11:46:00,183.74,183.78,183.38,183.38,32521.84
2025-08-20T11:47:00,183.38,183.7,183.38,183.59,20770.17
2025-08-20T11:48:00,183.58,183.6,183.23,183.26,31987.65
2025-08-20T11:49:00,183.26,183.31,183.1,183.11,35813.04
2025-08-20T11:50:00,183.12,183.34,183.12,183.27,36172.27
2025-08-20T11:51:00,183.28,183.56,183.2,183.4,31202.29
2025-08-20T11:52:00,183.41,183.49,183.12,183.14,15835.97
2025-08-20T11:53:00,183.14,183.17,182.64,182.64,63231.82
2025-08-20T11:54:00,182.65,182.99,182.62,182.75,38461.72
2025-08-20T11:55:00,182.76,183.12,182.74,183.05,25852.22
2025-08-20T11:56:00,183.05,183.22,182.66,182.75,26140.94
2025-08-20T11:57:00,182.76,183.07,182.75,183.01,26766.19
2025-08-20T11:58:00,183.01,183.25,182.84,182.88,16710.73
2025-08-20T11:59:00,182.87,182.98,182.76,182.95,17071.52
2025-08-20T12:00:00,182.94,183.13,182.9,183.13,34860.83
2025-08-20T12:01:00,183.12,183.42,183.12,183.31,72624.52
2025-08-20T12:02:00,183.32,184.13,183.27,184.07,108760.36
2025-08-20T12:03:00,184.07,184.11,183.64,183.66,43094.37
2025-08-20T12:04:00,183.66,183.82,183.39,183.44,22779.69
2025-08-20T12:05:00,183.44,183.72,183.34,183.56,22289.59
2025-08-20T12:06:00,183.55,183.79,183.5,183.61,10598.77
2025-08-20T12:07:00,183.62,183.63,183.4,183.44,19491.99
2025-08-20T12:08:00,183.44,183.45,183.22,183.4,40642.88
2025-08-20T12:09:00,183.4,183.6,183.35,183.37,11330.24
2025-08-20T12:10:00,183.37,183.78,183.28,183.78,14920.24
2025-08-20T12:11:00,183.77,183.88,183.61,183.7,26089.15
2025-08-20T12:12:00,183.69,183.75,183.43,183.46,13786.45
2025-08-20T12:13:00,183.46,183.76,183.38,183.73,15188.09
2025-08-20T12:14:00,183.73,183.84,183.67,183.83,9182.45
2025-08-20T12:15:00,183.84,184.25,183.77,184.22,73133.79
2025-08-20T12:16:00,184.21,184.23,184.01,184.2,45952.85
2025-08-20T12:17:00,184.19,184.6,184.19,184.6,51280.04
2025-08-20T12:18:00,184.6,184.6,184.26,184.31,20724.9
2025-08-20T12:19:00,184.31,184.6,184.24,184.56,14686.14
2025-08-20T12:20:00,184.56,184.78,184.36,184.73,24173.39
2025-08-20T12:21:00,184.73,184.75,184.52,184.58,20746.52
2025-08-20T12:22:00,184.57,184.67,184.25,184.25,21833.89
2025-08-20T12:23:00,184.25,184.44,184.18,184.43,21357.6
2025-08-20T12:24:00,184.44,184.55,184.32,184.35,10322.01
2025-08-20T12:25:00,184.35,184.35,184.08,184.23,10921.57
2025-08-20T12:26:00,184.23,184.5,184.05,184.49,11781.32
2025-08-20T12:27:00,184.5,184.6,184.25,184.34,17405.73
2025-08-20T12:28:00,184.35,184.55,184.25,184.53,12853.6
2025-08-20T12:29:00,184.53,184.7,184.41,184.67,16517.62
2025-08-20T12:30:00,184.67,184.71,184.33,184.38,24621.94
2025-08-20T12:31:00,184.37,184.54,184.25,184.45,9395.82
2025-08-20T12:32:00,184.46,184.61,184.18,184.24,26127.28
2025-08-20T12:33:00,184.24,184.39,184.17,184.24,18388.24
2025-08-20T12:34:00,184.23,184.33,184.17,184.27,14735.78
2025-08-20T12:35:00,184.28,184.28,183.88,183.99,56781.12
2025-08-20T12:36:00,183.99,184.05,183.6,183.6,62092.42
2025-08-20T12:37:00,183.61,183.78,183.6,183.72,46000.68
2025-08-20T12:38:00,183.71,183.82,183.65,183.76,17326.96
2025-08-20T12:39:00,183.75,184.26,183.75,184.2,39451.55
2025-08-20T12:40:00,184.19,184.3,183.96,184.0,17314.56
2025-08-20T12:41:00,183.99,184.06,183.81,183.81,10016.16
2025-08-20T12:42:00,183.81,183.85,183.71,183.84,12739.95
2025-08-20T12:43:00,183.83,184.19,183.81,184.04,10114.5
2025-08-20T12:44:00,184.03,184.23,183.94,184.1,23439.82
2025-08-20T12:45:00,184.1,184.32,184.05,184.31,12356.85
2025-08-20T12:46:00,184.31,184.41,184.21,184.4,13779.04
2025-08-20T12:47:00,184.4,184.54,184.29,184.52,14383.9
2025-08-20T12:48:00,184.52,184.52,184.11,184.12,10496.36
2025-08-20T12:49:00,184.12,184.36,184.1,184.35,11529.19
2025-08-20T12:50:00,184.34,184.47,184.26,184.29,12414.37
2025-08-20T12:51:00,184.28,184.38,184.18,184.32,4280.26
2025-08-20T12:52:00,184.33,184.56,184.15,184.2,5480.75
2025-08-20T12:53:00,184.2,184.32,184.19,184.27,3341.2
2025-08-20T12:54:00,184.27,184.34,184.11,184.27,6929.8
2025-08-20T12:55:00,184.27,184.29,183.93,183.96,19585.56
2025-08-20T12:56:00,183.96,184.0,183.77,183.78,18327.22
2025-08-20T12:57:00,183.77,183.78,183.6,183.74,23671.43
2025-08-20T12:58:00,183.74,183.77,183.57,183.58,29514.31
2025-08-20T12:59:00,183.59,183.73,183.56,183.71,18966.75
2025-08-20T13:00:00,183.71,183.73,183.54,183.6,23306.8
2025-08-20T13:01:00,183.59,184.07,183.56,183.94,15791.65
2025-08-20T13:02:00,183.94,184.19,183.91,184.18,12708.19
2025-08-20T13:03:00,184.18,184.26,183.92,184.0,29562.53
2025-08-20T13:04:00,184.0,184.57,183.98,184.53,66740.65
2025-08-20T13:05:00,184.54,184.54,184.21,184.38,27925.2
2025-08-20T13:06:00,184.39,184.45,184.17,184.25,15909.31
2025-08-20T13:07:00,184.25,184.35,184.08,184.33,5986.37
2025-08-20T13:08:00,184.33,184.74,184.22,184.71,28660.42
2025-08-20T13:09:00,184.71,184.72,184.47,184.6,12958.23
2025-08-20T13:10:00,184.59,184.7,184.44,184.59,16234.59
2025-08-20T13:11:00,184.58,184.82,184.52,184.55,45634.6
2025-08-20T13:12:00,184.55,184.55,184.18,184.21,25181.72
2025-08-20T13:13:00,184.2,184.26,183.99,184.04,30906.51
2025-08-20T13:14:00,184.05,184.1,183.75,183.81,38111.03
2025-08-20T13:15:00,183.81,183.97,183.79,183.95,19448.93
2025-08-20T13:16:00,183.94,184.02,183.82,183.85,17273.99
2025-08-20T13:17:00,183.85,183.85,183.54,183.57,19102.33
2025-08-20T13:18:00,183.57,183.81,183.54,183.81,18579.17
2025-08-20T13:19:00,183.81,183.83,183.68,183.81,8984.97
2025-08-20T13:20:00,183.82,184.08,183.74,184.08,9196.43
2025-08-20T13:21:00,184.08,184.34,184.05,184.15,39205.05
2025-08-20T13:22:00,184.15,184.15,183.78,183.9,10972.26
2025-08-20T13:23:00,183.9,183.99,183.68,183.68,12447.9
2025-08-20T13:24:00,183.69,183.84,183.69,183.79,5501.71
2025-08-20T13:25:00,183.8,183.82,183.57,183.78,12786.41
2025-08-20T13:26:00,183.78,183.92,183.75,183.87,7244.37
2025-08-20T13:27:00,183.87,183.9,183.77,183.78,6576.25
2025-08-20T13:28:00,183.78,183.94,183.72,183.92,10032.91
2025-08-20T13:29:00,183.93,183.93,183.75,183.78,7989.84
2025-08-20T13:30:00,183.78,183.87,183.7,183.78,12428.76
2025-08-20T13:31:00,183.79,183.92,183.7,183.86,12191.06
2025-08-20T13:32:00,183.86,184.08,183.81,184.06,7527.8
2025-08-20T13:33:00,184.07,184.19,183.98,184.13,5884.49
2025-08-20T13:34:00,184.13,184.23,184.05,184.19,6254.2
2025-08-20T13:35:00,184.18,184.27,184.05,184.25,4863.87
2025-08-20T13:36:00,184.25,184.27,184.09,184.23,4187.06
2025-08-20T13:37:00,184.23,184.28,184.12,184.16,4950.88
2025-08-20T13:38:00,184.17,184.19,183.93,184.07,17736.34
2025-08-20T13:39:00,184.06,184.26,184.06,184.25,7817.66
2025-08-20T13:40:00,184.24,184.25,184.06,184.07,4892.42
2025-08-20T13:41:00,184.08,184.39,184.08,184.38,10197.49
2025-08-20T13:42:00,184.38,184.69,184.3,184.65,43237.17
2025-08-20T13:43:00,184.65,184.83,184.58,184.77,38540.24
2025-08-20T13:44:00,184.77,185.84,184.71,185.84,183623.63
2025-08-20T13:45:00,185.85,186.3,185.63,186.06,256485.64
2025-08-20T13:46:00,186.06,186.06,185.37,185.56,96704.65
2025-08-20T13:47:00,185.56,185.8,185.36,185.65,42935.54
2025-08-20T13:48:00,185.64,185.67,185.32,185.4,28182.72
2025-08-20T13:49:00,185.4,185.41,185.15,185.36,23016.43
2025-08-20T13:50:00,185.35,185.41,184.94,185.08,39000.42
2025-08-20T13:51:00,185.08,185.59,185.08,185.32,29002.49
2025-08-20T13:52:00,185.32,185.56,185.19,185.51,22404.31
2025-08-20T13:53:00,185.51,185.51,185.26,185.43,13693.35
2025-08-20T13:54:00,185.44,185.45,185.04,185.14,15526.41
2025-08-20T13:55:00,185.15,185.16,184.69,184.76,45221.95
2025-08-20T13:56:00,184.76,184.89,184.76,184.83,13773.61
2025-08-20T13:57:00,184.83,184.89,184.74,184.78,11994.91
2025-08-20T13:58:00,184.77,184.91,184.77,184.9,18069.82
2025-08-20T13:59:00,184.91,185.12,184.89,185.08,26676.16
2025-08-20T14:00:00,185.08,185.58,185.08,185.17,76403.74
2025-08-20T14:01:00,185.17,185.47,184.98,184.98,27567.74
2025-08-20T14:02:00,184.98,184.98,184.53,184.55,74489.89
2025-08-20T14:03:00,184.54,184.57,184.06,184.12,104102.53
2025-08-20T14:04:00,184.13,184.64,184.13,184.25,92985.71
2025-08-20T14:05:00,184.25,184.63,184.17,184.18,35325.59
2025-08-20T14:06:00,184.18,184.24,183.86,184.02,61880.31
2025-08-20T14:07:00,184.03,184.1,183.89,183.99,32139.78
2025-08-20T14:08:00,183.99,184.48,183.95,184.37,55142.25
2025-08-20T14:09:00,184.37,184.43,184.12,184.26,23814.31
2025-08-20T14:10:00,184.26,184.69,184.18,184.66,20438.54
2025-08-20T14:11:00,184.66,184.66,184.0,184.0,13295.23
2025-08-20T14:12:00,184.0,184.09,183.9,183.94,25822.09
2025-08-20T14:13:00,183.94,183.99,183.58,183.87,59481.84
2025-08-20T14:14:00,183.87,183.91,183.55,183.63,16750.0
2025-08-20T14:15:00,183.63,183.73,182.81,183.11,160610.35
2025-08-20T14:16:00,183.11,183.58,183.1,183.54,49334.49
2025-08-20T14:17:00,183.53,183.81,183.45,183.78,38950.86
2025-08-20T14:18:00,183.77,183.79,183.2,183.29,43753.72
2025-08-20T14:19:00,183.3,183.41,183.16,183.27,19283.43
2025-08-20T14:20:00,183.27,183.45,183.2,183.26,14280.87
2025-08-20T14:21:00,183.25,183.49,183.23,183.3,44291.22
2025-08-20T14:22:00,183.3,183.38,183.08,183.21,26600.9
2025-08-20T14:23:00,183.22,183.38,183.1,183.33,18035.6
2025-08-20T14:24:00,183.32,183.38,183.22,183.32,8150.27
2025-08-20T14:25:00,183.32,183.37,183.02,183.09,55387.66
2025-08-20T14:26:00,183.1,183.29,183.06,183.29,17151.35
2025-08-20T14:27:00,183.28,183.29,183.0,183.02,13606.77
2025-08-20T14:28:00,183.02,183.15,182.79,182.9,30488.31
2025-08-20T14:29:00,182.89,183.02,182.87,182.92,9140.81
2025-08-20T14:30:00,182.92,183.1,182.76,182.77,20456.61
2025-08-20T14:31:00,182.76,182.79,182.5,182.56,37623.71
2025-08-20T14:32:00,182.56,182.81,182.56,182.6,20040.22
2025-08-20T14:33:00,182.6,182.99,182.6,182.99,20744.04
2025-08-20T14:34:00,182.99,183.22,182.88,183.21,20690.36
2025-08-20T14:35:00,183.2,183.2,182.79,182.81,15282.46
2025-08-20T14:36:00,182.81,183.27,182.81,183.24,12997.34
2025-08-20T14:37:00,183.24,183.28,182.97,183.08,9920.22
2025-08-20T14:38:00,183.07,183.3,183.07,183.21,13638.42
2025-08-20T14:39:00,183.2,183.32,183.08,183.32,10602.71
2025-08-20T14:40:00,183.33,183.59,183.32,183.4,29229.5
2025-08-20T14:41:00,183.39,183.58,183.34,183.35,18883.21
2025-08-20T14:42:00,183.35,183.6,183.35,183.59,15426.86
2025-08-20T14:43:00,183.59,183.62,183.44,183.61,9097.61
2025-08-20T14:44:00,183.6,183.61,183.48,183.49,10090.46
2025-08-20T14:45:00,183.49,183.57,183.38,183.47,9477.57
2025-08-20T14:46:00,183.46,183.7,183.36,183.61,10569.69
2025-08-20T14:47:00,183.6,183.84,183.57,183.71,16225.49
2025-08-20T14:48:00,183.72,183.72,183.54,183.66,19396.34
2025-08-20T14:49:00,183.65,183.66,183.5,183.57,6385.32
2025-08-20T14:50:00,183.56,183.61,183.29,183.39,17832.32
2025-08-20T14:51:00,183.4,183.72,183.4,183.72,7549.44
2025-08-20T14:52:00,183.73,183.73,183.46,183.58,4753.97
2025-08-20T14:53:00,183.58,183.82,183.58,183.64,10447.46
2025-08-20T14:54:00,183.64,183.91,183.61,183.81,12256.96
2025-08-20T14:55:00,183.81,184.03,183.73,183.91,45010.72
2025-08-20T14:56:00,183.92,183.92,183.68,183.69,13636.13
2025-08-20T14:57:00,183.68,183.7,183.5,183.64,7589.03
2025-08-20T14:58:00,183.65,183.68,183.51,183.51,3031.82
2025-08-20T14:59:00,183.51,183.63,183.49,183.55,5522.94
2025-08-20T15:00:00,183.56,183.7,183.41,183.59,12447.35
2025-08-20T15:01:00,183.59,183.95,183.57,183.91,6405.3
2025-08-20T15:02:00,183.9,183.96,183.69,183.77,14537.23
2025-08-20T15:03:00,183.78,184.07,183.78,183.98,12020.28
2025-08-20T15:04:00,183.97,183.97,183.73,183.86,10870.49
2025-08-20T15:05:00,183.86,184.1,183.8,184.1,19689.43
2025-08-20T15:06:00,184.1,184.1,183.79,183.95,8558.63
2025-08-20T15:07:00,183.95,183.95,183.7,183.92,6281.24
2025-08-20T15:08:00,183.91,184.17,183.91,184.12,17602.4
2025-08-20T15:09:00,184.13,184.15,184.02,184.06,9043.84
2025-08-20T15:10:00,184.05,184.319,184.01,184.319,17081.71
2025-08-20T15:11:00,184.31,184.59,184.31,184.55,30595.93
2025-08-20T15:12:00,184.55,184.6,184.38,184.59,26085.86
2025-08-20T15:13:00,184.6,184.6,184.42,184.5,6807.26
2025-08-20T15:14:00,184.51,184.75,184.5,184.64,35030.32
2025-08-20T15:15:00,184.63,184.83,184.55,184.7,13912.6
2025-08-20T15:16:00,184.7,184.71,184.4,184.43,37145.4
2025-08-20T15:17:00,184.43,184.72,184.43,184.68,7243.95
2025-08-20T15:18:00,184.67,184.74,184.57,184.72,6386.74
2025-08-20T15:19:00,184.71,184.75,184.61,184.66,4102.16
2025-08-20T15:20:00,184.66,184.77,184.54,184.75,12246.22
2025-08-20T15:21:00,184.74,185.18,184.73,185.16,43447.43
2025-08-20T15:22:00,185.16,185.59,185.12,185.55,78790.54
2025-08-20T15:23:00,185.55,186.12,185.5,185.99,105305.76
2025-08-20T15:24:00,185.99,186.19,185.86,185.92,39129.51
2025-08-20T15:25:00,185.92,186.06,185.66,185.86,57086.59
2025-08-20T15:26:00,185.86,186.0,185.45,185.45,46432.89
2025-08-20T15:27:00,185.45,185.59,185.34,185.39,52043.95
2025-08-20T15:28:00,185.38,185.5,185.31,185.38,28852.93
2025-08-20T15:29:00,185.38,185.59,185.32,185.54,18547.67
2025-08-20T15:30:00,185.53,185.57,185.19,185.2,15200.65
2025-08-20T15:31:00,185.2,185.77,185.17,185.75,31130.59
2025-08-20T15:32:00,185.75,185.96,185.62,185.77,35795.21
2025-08-20T15:33:00,185.78,185.84,185.65,185.68,17612.71
2025-08-20T15:34:00,185.68,185.8,185.57,185.63,11969.93
2025-08-20T15:35:00,185.63,185.95,185.62,185.85,14318.77
2025-08-20T15:36:00,185.85,185.85,185.65,185.7,20415.56
2025-08-20T15:37:00,185.71,185.8,185.57,185.73,13151.37
2025-08-20T15:38:00,185.74,185.93,185.74,185.9,9059.18
2025-08-20T15:39:00,185.91,185.91,185.71,185.72,10575.37
2025-08-20T15:40:00,185.72,185.87,185.71,185.76,13031.84
2025-08-20T15:41:00,185.75,185.81,185.57,185.62,15530.61
2025-08-20T15:42:00,185.63,185.91,185.63,185.91,12520.14
2025-08-20T15:43:00,185.91,185.98,185.85,185.85,8713.17
2025-08-20T15:44:00,185.85,186.14,185.82,186.1,15128.28
2025-08-20T15:45:00,186.1,186.3,186.03,186.24,20920.9
2025-08-20T15:46:00,186.25,186.25,185.94,186.0,11703.5
2025-08-20T15:47:00,186.01,186.36,185.9,186.33,26119.59
2025-08-20T15:48:00,186.32,186.61,186.3,186.41,64807.77
2025-08-20T15:49:00,186.42,186.74,186.26,186.7,29550.87
2025-08-20T15:50:00,186.7,186.76,186.48,186.76,32176.76
2025-08-20T15:51:00,186.75,186.89,186.7,186.78,27300.86
2025-08-20T15:52:00,186.77,186.89,186.7,186.87,12099.36
2025-08-20T15:53:00,186.87,186.96,186.8,186.96,16381.43
2025-08-20T15:54:00,186.96,186.97,186.87,186.94,23923.0
2025-08-20T15:55:00,186.94,187.18,186.86,187.02,77803.43
2025-08-20T15:56:00,187.01,187.59,186.84,187.58,72673.68
2025-08-20T15:57:00,187.59,187.69,187.41,187.69,51736.0
2025-08-20T15:58:00,187.68,187.79,187.62,187.76,26126.01
2025-08-20T15:59:00,187.76,187.9,187.42,187.53,53211.74
2025-08-20T16:00:00,187.52,187.85,187.23,187.26,52415.42
2025-08-20T16:01:00,187.26,187.3,186.82,186.92,42128.18
2025-08-20T16:02:00,186.92,187.05,186.86,186.98,26578.12
2025-08-20T16:03:00,186.98,187.28,186.95,187.22,15747.6
2025-08-20T16:04:00,187.21,187.41,186.91,186.96,31886.42
2025-08-20T16:05:00,186.96,187.22,186.95,187.17,15235.25
2025-08-20T16:06:00,187.17,187.23,186.9,186.98,15144.7
2025-08-20T16:07:00,186.98,187.25,186.96,187.04,10742.55
2025-08-20T16:08:00,187.04,187.18,187.03,187.11,16016.66
2025-08-20T16:09:00,187.11,187.11,186.9,187.0,12315.77
2025-08-20T16:10:00,187.01,187.13,186.89,186.9,21248.61
2025-08-20T16:11:00,186.9,187.15,186.76,186.87,38050.77
2025-08-20T16:12:00,186.86,187.05,186.85,186.94,9693.53
2025-08-20T16:13:00,186.95,187.02,186.86,186.88,19904.42
2025-08-20T16:14:00,186.88,186.89,186.76,186.87,15743.85
2025-08-20T16:15:00,186.87,186.89,186.57,186.69,37822.25
2025-08-20T16:16:00,186.68,186.99,186.68,186.82,16259.77
2025-08-20T16:17:00,186.83,186.89,186.68,186.84,7757.36
2025-08-20T16:18:00,186.84,186.85,186.51,186.52,13031.48
2025-08-20T16:19:00,186.52,186.59,186.5,186.53,20910.87
2025-08-20T16:20:00,186.53,186.62,186.44,186.44,19321.36
2025-08-20T16:21:00,186.45,186.45,186.26,186.3,34622.31
2025-08-20T16:22:00,186.29,186.55,186.29,186.43,16684.53
2025-08-20T16:23:00,186.44,186.56,186.43,186.49,10271.73
2025-08-20T16:24:00,186.48,186.65,186.41,186.65,10195.83
2025-08-20T16:25:00,186.65,186.75,186.53,186.73,8690.49
2025-08-20T16:26:00,186.74,186.95,186.73,186.88,9711.7
2025-08-20T16:27:00,186.89,186.89,186.62,186.62,8482.63
2025-08-20T16:28:00,186.62,186.65,186.56,186.61,8076.12
2025-08-20T16:29:00,186.61,186.78,186.57,186.76,3665.96
2025-08-20T16:30:00,186.75,186.99,186.7,186.98,21859.66
2025-08-20T16:31:00,186.99,187.1,186.87,186.95,14111.44
2025-08-20T16:32:00,186.95,186.95,186.67,186.83,11011.31
2025-08-20T16:33:00,186.82,187.0,186.69,186.7,6725.02
2025-08-20T16:34:00,186.7,186.75,186.58,186.62,8745.15
2025-08-20T16:35:00,186.62,186.66,186.48,186.57,6876.2
2025-08-20T16:36:00,186.57,186.7,186.49,186.63,5730.59
2025-08-20T16:37:00,186.63,186.82,186.63,186.82,4049.3
2025-08-20T16:38:00,186.81,186.81,186.58,186.59,3934.95
2025-08-20T16:39:00,186.59,186.59,186.41,186.54,6302.34
2025-08-20T16:40:00,186.55,186.71,186.55,186.7,5477.82
2025-08-20T16:41:00,186.69,186.79,186.57,186.58,3854.45
2025-08-20T16:42:00,186.58,186.89,186.57,186.87,4052.34
2025-08-20T16:43:00,186.86,187.12,186.85,187.02,23933.72
2025-08-20T16:44:00,187.01,187.14,186.95,187.02,16953.7
2025-08-20T16:45:00,187.01,187.09,186.95,186.97,13358.01
2025-08-20T16:46:00,186.96,186.99,186.78,186.98,5630.77
2025-08-20T16:47:00,186.99,187.18,186.99,187.09,9070.04
2025-08-20T16:48:00,187.09,187.09,186.87,186.88,10604.68
2025-08-20T16:49:00,186.87,186.87,186.75,186.76,7334.88
2025-08-20T16:50:00,186.75,186.96,186.69,186.96,12780.65
2025-08-20T16:51:00,186.96,187.1,186.84,186.99,37100.65
2025-08-20T16:52:00,186.99,187.1,186.93,187.09,8628.45
2025-08-20T16:53:00,187.09,187.34,187.09,187.33,27269.85
2025-08-20T16:54:00,187.33,187.36,186.84,187.17,34325.84
2025-08-20T16:55:00,187.18,187.2,186.9,186.96,12094.74
2025-08-20T16:56:00,186.96,187.06,186.88,186.95,10649.71
2025-08-20T16:57:00,186.95,187.06,186.92,187.01,6889.26
2025-08-20T16:58:00,187.01,187.01,186.85,186.91,10008.17
2025-08-20T16:59:00,186.91,187.18,186.89,187.18,22475.82
2025-08-20T17:00:00,187.18,187.36,187.13,187.32,29334.47
2025-08-20T17:01:00,187.31,187.31,186.92,186.96,12970.96
2025-08-20T17:02:00,186.97,187.14,186.95,187.12,5354.24
2025-08-20T17:03:00,187.11,187.11,186.91,186.97,9945.97
2025-08-20T17:04:00,186.96,186.96,186.86,186.89,6831.23
2025-08-20T17:05:00,186.9,187.03,186.84,186.86,6544.66
2025-08-20T17:06:00,186.86,186.94,186.86,186.93,4141.95
2025-08-20T17:07:00,186.92,187.02,186.86,186.92,5921.86
2025-08-20T17:08:00,186.92,187.05,186.84,186.97,19991.95
2025-08-20T17:09:00,186.97,187.05,186.97,187.03,12881.96
2025-08-20T17:10:00,187.02,187.16,186.92,186.96,11008.16
2025-08-20T17:11:00,186.97,187.01,186.87,186.89,6743.1
2025-08-20T17:12:00,186.89,186.91,186.7,186.7,9437.9
2025-08-20T17:13:00,186.7,186.75,186.7,186.7,5025.63
2025-08-20T17:14:00,186.71,186.72,186.51,186.72,11637.19
2025-08-20T17:15:00,186.72,187.02,186.71,186.92,11866.76
2025-08-20T17:16:00,186.92,186.92,186.65,186.67,5522.76
2025-08-20T17:17:00,186.66,186.67,186.2,186.34,72733.74
2025-08-20T17:18:00,186.34,186.66,186.2,186.23,28478.79
2025-08-20T17:19:00,186.22,186.22,185.82,186.03,55613.31
2025-08-20T17:20:00,186.04,186.27,186.04,186.09,31871.59
2025-08-20T17:21:00,186.1,186.25,186.02,186.19,26564.93
2025-08-20T17:22:00,186.19,186.34,186.13,186.17,32863.18
2025-08-20T17:23:00,186.18,186.34,186.16,186.28,18404.48
2025-08-20T17:24:00,186.28,186.29,186.21,186.24,4010.43
2025-08-20T17:25:00,186.23,186.34,185.97,185.97,17119.86
2025-08-20T17:26:00,185.98,186.06,185.97,186.0,8701.66
2025-08-20T17:27:00,186.01,186.04,185.94,185.95,8549.93
2025-08-20T17:28:00,185.95,186.02,185.94,185.95,5371.92
2025-08-20T17:29:00,185.95,186.04,185.93,185.97,7946.53
2025-08-20T17:30:00,185.98,186.1,185.9,185.96,10894.28
2025-08-20T17:31:00,185.96,185.99,185.88,185.89,7940.95
2025-08-20T17:32:00,185.89,185.89,185.76,185.77,15510.99
2025-08-20T17:33:00,185.78,185.93,185.75,185.86,9659.06
2025-08-20T17:34:00,185.86,185.86,185.75,185.8,7749.06
2025-08-20T17:35:00,185.8,185.91,185.79,185.91,3842.81
2025-08-20T17:36:00,185.9,186.0,185.9,185.93,5923.24
2025-08-20T17:37:00,185.94,185.94,185.86,185.86,3493.83
2025-08-20T17:38:00,185.87,185.91,185.75,185.91,7289.33
2025-08-20T17:39:00,185.9,186.5,185.9,186.47,23074.76
2025-08-20T17:40:00,186.46,186.97,186.4,186.88,63123.38
2025-08-20T17:41:00,186.87,186.98,186.83,186.97,19319.48
2025-08-20T17:42:00,186.97,186.98,186.8,186.98,16260.76
2025-08-20T17:43:00,186.98,187.3,186.97,187.29,24752.2
2025-08-20T17:44:00,187.29,187.52,187.04,187.05,37770.34
2025-08-20T17:45:00,187.05,187.11,186.79,186.92,22258.56
2025-08-20T17:46:00,186.91,186.93,186.74,186.92,20173.62
2025-08-20T17:47:00,186.92,187.07,186.87,187.03,9845.52
2025-08-20T17:48:00,187.03,187.2,187.03,187.16,21845.69
2025-08-20T17:49:00,187.16,187.2,187.04,187.05,7779.06
2025-08-20T17:50:00,187.05,187.2,187.04,187.13,8499.95
2025-08-20T17:51:00,187.13,187.13,187.03,187.12,5160.78
2025-08-20T17:52:00,187.12,187.44,187.12,187.32,15858.19
2025-08-20T17:53:00,187.32,187.59,187.3,187.48,21142.88
2025-08-20T17:54:00,187.49,187.49,187.26,187.29,5983.39
2025-08-20T17:55:00,187.28,187.44,187.24,187.26,8781.65
2025-08-20T17:56:00,187.27,187.27,187.06,187.07,17065.97
2025-08-20T17:57:00,187.07,187.13,187.06,187.11,1795.62
2025-08-20T17:58:00,187.11,187.19,187.1,187.14,7558.58
2025-08-20T17:59:00,187.15,187.15,186.9,186.92,17669.88
2025-08-20T18:00:00,186.93,187.5,186.92,187.41,16053.98
2025-08-20T18:01:00,187.41,187.6,187.16,187.2,24034.07
2025-08-20T18:02:00,187.21,187.56,187.1,187.18,15091.65
2025-08-20T18:03:00,187.18,187.32,187.06,187.06,8912.16
2025-08-20T18:04:00,187.05,187.25,187.05,187.12,6689.3
2025-08-20T18:05:00,187.12,187.23,186.96,187.02,9661.97
2025-08-20T18:06:00,187.02,187.03,186.87,186.98,10827.26
2025-08-20T18:07:00,186.98,187.08,186.96,187.02,8534.44
2025-08-20T18:08:00,187.01,187.27,187.01,187.14,7396.69
2025-08-20T18:09:00,187.14,187.15,186.93,186.94,5303.9
2025-08-20T18:10:00,186.95,187.17,186.95,187.14,9193.87
2025-08-20T18:11:00,187.14,187.17,186.8,186.81,11026.65
2025-08-20T18:12:00,186.81,186.88,186.8,186.84,6866.07
2025-08-20T18:13:00,186.84,186.94,186.84,186.94,4342.08
2025-08-20T18:14:00,186.94,186.96,186.81,186.92,6124.91
2025-08-20T18:15:00,186.92,187.01,186.83,186.84,16832.01
2025-08-20T18:16:00,186.84,187.05,186.77,186.83,24538.49
2025-08-20T18:17:00,186.82,186.82,186.64,186.7,13242.4
2025-08-20T18:18:00,186.7,186.77,186.56,186.62,18428.85
2025-08-20T18:19:00,186.63,186.9,186.63,186.83,5982.55
2025-08-20T18:20:00,186.84,186.9,186.73,186.78,4617.43
2025-08-20T18:21:00,186.78,187.25,186.72,187.18,11545.77
2025-08-20T18:22:00,187.17,187.21,187.14,187.15,7175.93
2025-08-20T18:23:00,187.15,187.22,187.0,187.01,4136.73
2025-08-20T18:24:00,187.0,187.16,186.96,187.15,3180.2
2025-08-20T18:25:00,187.15,187.16,186.92,187.02,4711.65
2025-08-20T18:26:00,187.01,187.12,187.01,187.06,3816.41
2025-08-20T18:27:00,187.05,187.13,186.95,187.11,7310.96
2025-08-20T18:28:00,187.12,187.13,187.04,187.06,4327.4
2025-08-20T18:29:00,187.07,187.19,187.04,187.19,4983.28
2025-08-20T18:30:00,187.19,187.22,187.12,187.13,4413.14
2025-08-20T18:31:00,187.13,187.26,187.1,187.18,7563.05
2025-08-20T18:32:00,187.18,187.26,187.14,187.23,4590.02
2025-08-20T18:33:00,187.23,187.3,187.12,187.29,7200.28
2025-08-20T18:34:00,187.29,187.29,187.05,187.05,5235.13
2025-08-20T18:35:00,187.06,187.06,186.84,186.85,6423.05
2025-08-20T18:36:00,186.84,186.91,186.8,186.82,5701.0
2025-08-20T18:37:00,186.83,187.1,186.83,187.04,20193.3
2025-08-20T18:38:00,187.04,187.11,187.0,187.1,5638.41
2025-08-20T18:39:00,187.09,187.18,187.09,187.1,3955.66
2025-08-20T18:40:00,187.1,187.12,186.97,187.12,8145.69
2025-08-20T18:41:00,187.12,187.39,187.05,187.39,22782.56
2025-08-20T18:42:00,187.38,187.44,187.2,187.2,20266.33
2025-08-20T18:43:00,187.21,187.21,187.08,187.15,6488.4
2025-08-20T18:44:00,187.15,187.32,187.14,187.32,3534.98
2025-08-20T18:45:00,187.31,187.45,187.25,187.45,11704.12
2025-08-20T18:46:00,187.44,187.45,187.18,187.3,11455.71
2025-08-20T18:47:00,187.3,187.55,187.29,187.54,11893.32
2025-08-20T18:48:00,187.54,187.57,187.41,187.51,9676.82
2025-08-20T18:49:00,187.51,187.54,187.33,187.37,9306.89
2025-08-20T18:50:00,187.37,187.44,187.32,187.38,9679.71
2025-08-20T18:51:00,187.38,187.48,187.17,187.21,13180.59
2025-08-20T18:52:00,187.21,187.35,187.21,187.35,3422.8
2025-08-20T18:53:00,187.35,187.47,187.33,187.45,5905.61
2025-08-20T18:54:00,187.45,187.5,187.38,187.5,3428.98
2025-08-20T18:55:00,187.5,187.54,187.4,187.43,11594.96
2025-08-20T18:56:00,187.43,187.59,187.43,187.45,10529.44
2025-08-20T18:57:00,187.46,187.53,187.38,187.51,5255.71
2025-08-20T18:58:00,187.51,187.53,187.32,187.42,7719.85
2025-08-20T18:59:00,187.41,187.42,187.25,187.27,4934.96
2025-08-20T19:00:00,187.26,187.33,187.03,187.1,23424.95
2025-08-20T19:01:00,187.09,187.16,187.02,187.03,6977.67
2025-08-20T19:02:00,187.04,187.13,187.01,187.1,9617.89
2025-08-20T19:03:00,187.11,187.14,187.0,187.01,12747.24
2025-08-20T19:04:00,187.0,187.0,186.88,186.9,7131.74
2025-08-20T19:05:00,186.9,186.98,186.86,186.86,9274.07
2025-08-20T19:06:00,186.86,186.9,186.8,186.85,7749.01
2025-08-20T19:07:00,186.86,187.0,186.85,186.98,5884.23
2025-08-20T19:08:00,186.99,187.05,186.97,187.05,3539.41
2025-08-20T19:09:00,187.05,187.18,187.02,187.18,4554.81
2025-08-20T19:10:00,187.17,187.21,186.91,186.92,6938.81
2025-08-20T19:11:00,186.92,186.97,186.82,186.92,10953.81
2025-08-20T19:12:00,186.92,186.92,186.81,186.83,8309.93
2025-08-20T19:13:00,186.83,186.86,186.8,186.85,3912.81
2025-08-20T19:14:00,186.86,186.89,186.81,186.88,5343.26
2025-08-20T19:15:00,186.88,186.94,186.75,186.76,7127.86
2025-08-20T19:16:00,186.76,186.79,186.68,186.77,6680.88
2025-08-20T19:17:00,186.76,186.94,186.76,186.94,7675.17
2025-08-20T19:18:00,186.93,186.94,186.82,186.88,4306.46
2025-08-20T19:19:00,186.89,186.89,186.76,186.76,3623.0
2025-08-20T19:20:00,186.76,186.83,186.74,186.75,5318.99
2025-08-20T19:21:00,186.74,186.81,186.71,186.71,10118.88
2025-08-20T19:22:00,186.72,186.74,186.64,186.71,9803.77
2025-08-20T19:23:00,186.7,186.9,186.7,186.89,3961.81
2025-08-20T19:24:00,186.89,186.9,186.68,186.72,5408.56
2025-08-20T19:25:00,186.73,186.81,186.73,186.8,6481.72
2025-08-20T19:26:00,186.79,186.89,186.74,186.77,4403.06
2025-08-20T19:27:00,186.77,186.79,186.71,186.79,4602.59
2025-08-20T19:28:00,186.79,186.79,186.75,186.76,2854.76
2025-08-20T19:29:00,186.76,186.77,186.7,186.75,5987.36
2025-08-20T19:30:00,186.75,186.84,186.7,186.78,12006.21
2025-08-20T19:31:00,186.78,186.82,186.65,186.67,12885.34
2025-08-20T19:32:00,186.68,186.82,186.61,186.8,4917.24
2025-08-20T19:33:00,186.81,186.96,186.81,186.82,9933.34
2025-08-20T19:34:00,186.83,186.83,186.74,186.77,3676.68
2025-08-20T19:35:00,186.77,186.87,186.75,186.82,2923.5
2025-08-20T19:36:00,186.82,186.82,186.75,186.77,4386.08
2025-08-20T19:37:00,186.76,187.04,186.74,186.97,23962.21
2025-08-20T19:38:00,186.96,187.13,186.92,187.11,33338.03
2025-08-20T19:39:00,187.11,187.12,187.01,187.11,9108.64
2025-08-20T19:40:00,187.11,187.42,187.09,187.4,30447.52
2025-08-20T19:41:00,187.4,187.45,187.3,187.44,14614.2
2025-08-20T19:42:00,187.44,187.58,187.42,187.58,9313.12
2025-08-20T19:43:00,187.57,187.58,187.5,187.51,11588.27
2025-08-20T19:44:00,187.51,187.57,187.5,187.55,4511.27
2025-08-20T19:45:00,187.55,187.58,187.35,187.44,8962.53
2025-08-20T19:46:00,187.45,187.47,187.34,187.39,4668.06
2025-08-20T19:47:00,187.4,187.51,187.39,187.5,3440.31
2025-08-20T19:48:00,187.51,187.51,187.22,187.25,11920.98
2025-08-20T19:49:00,187.25,187.28,187.2,187.2,4555.79
2025-08-20T19:50:00,187.2,187.29,187.19,187.19,11043.25
2025-08-20T19:51:00,187.2,187.2,187.12,187.17,9944.82
2025-08-20T19:52:00,187.17,187.29,187.14,187.15,9585.25
2025-08-20T19:53:00,187.15,187.4,187.14,187.38,6877.22
2025-08-20T19:54:00,187.37,187.45,187.26,187.45,19632.41
2025-08-20T19:55:00,187.45,187.55,187.43,187.53,10493.78
2025-08-20T19:56:00,187.53,187.53,187.35,187.4,3530.62
2025-08-20T19:57:00,187.4,187.71,187.4,187.7,25067.45
2025-08-20T19:58:00,187.71,187.91,187.67,187.85,32586.27
2025-08-20T19:59:00,187.85,187.9,187.8,187.9,4727.51
